app,method,path,legacy_declarations,go_route_evidence,php_handler,client_consumers,response_evidence,scope_evidence
dashboard,DELETE,/autoTag/destroy,web/legacy/dashboard/src/api/autoTag.js,internal/server/server.go,-,web/legacy/dashboard/src/views/autoTag/dayPartIndex.vue;web/legacy/dashboard/src/views/autoTag/joinRoomIndex.vue;web/legacy/dashboard/src/views/autoTag/keywordIndex.vue,internal/server/server.go,internal/server/server.go
dashboard,DELETE,/contactBatchAdd/destroy,web/legacy/dashboard/src/api/contactBatchAdd.js,internal/server/server.go,-,-,internal/server/server.go,internal/server/server.go
dashboard,DELETE,/contactBatchAdd/importDestroy,web/legacy/dashboard/src/api/contactBatchAdd.js,internal/server/server.go,-,-,internal/server/server.go,internal/server/server.go
dashboard,DELETE,/contactField/destroy,web/legacy/dashboard/src/api/contactField.js,internal/server/server.go,git:3dcd216c188df34f2c3ed489b8e8b9473e635488:api-server/app/core/work-contact/src/Action/Dashboard/Field/Destroy.php#L40,web/legacy/dashboard/src/views/contactField/index.vue,git:3dcd216c188df34f2c3ed489b8e8b9473e635488:api-server/app/core/work-contact/src/Action/Dashboard/Field/Destroy.php#L40,git:3dcd216c188df34f2c3ed489b8e8b9473e635488:api-server/app/core/work-contact/src/Action/Dashboard/Field/Destroy.php#L40
dashboard,DELETE,/contactMessageBatchSend/destroy,web/legacy/dashboard/src/api/contactMessageBatchSend.js,internal/server/server.go,git:3dcd216c188df34f2c3ed489b8e8b9473e635488:api-server/plugin/mochat/contact-message-batch-send/src/Action/Dashboard/Destroy.php#L43,web/legacy/dashboard/src/views/contactMessageBatchSend/index.vue,git:3dcd216c188df34f2c3ed489b8e8b9473e635488:api-server/plugin/mochat/contact-message-batch-send/src/Action/Dashboard/Destroy.php#L43,git:3dcd216c188df34f2c3ed489b8e8b9473e635488:api-server/plugin/mochat/contact-message-batch-send/src/Action/Dashboard/Destroy.php#L43
dashboard,DELETE,/contactSop/destroy,web/legacy/dashboard/src/api/contactSop.js,internal/server/server.go,-,-,internal/server/server.go,internal/server/server.go
dashboard,DELETE,/greeting/destroy,web/legacy/dashboard/src/api/greeting.js,internal/server/server.go,git:3dcd216c188df34f2c3ed489b8e8b9473e635488:api-server/plugin/mochat/greeting/src/Action/Dashboard/Destroy.php#L50,web/legacy/dashboard/src/views/greeting/index.vue,git:3dcd216c188df34f2c3ed489b8e8b9473e635488:api-server/plugin/mochat/greeting/src/Action/Dashboard/Destroy.php#L50,git:3dcd216c188df34f2c3ed489b8e8b9473e635488:api-server/plugin/mochat/greeting/src/Action/Dashboard/Destroy.php#L50
dashboard,DELETE,/lottery/destroy,web/legacy/dashboard/src/api/lottery.js,internal/server/server.go,-,-,internal/server/server.go,internal/server/server.go
dashboard,DELETE,/medium/destroy,web/legacy/dashboard/src/api/mediumGroup.js,internal/server/server.go,git:3dcd216c188df34f2c3ed489b8e8b9473e635488:api-server/app/core/medium/src/Action/Dashboard/Destroy.php#L40,web/legacy/dashboard/src/views/mediumGroup/index.vue,git:3dcd216c188df34f2c3ed489b8e8b9473e635488:api-server/app/core/medium/src/Action/Dashboard/Destroy.php#L40,git:3dcd216c188df34f2c3ed489b8e8b9473e635488:api-server/app/core/medium/src/Action/Dashboard/Destroy.php#L40
dashboard,DELETE,/mediumGroup/destroy,web/legacy/dashboard/src/api/mediumGroup.js,internal/server/server.go,git:3dcd216c188df34f2c3ed489b8e8b9473e635488:api-server/app/core/medium/src/Action/Dashboard/Group/Destroy.php#L37,web/legacy/dashboard/src/views/mediumGroup/index.vue,git:3dcd216c188df34f2c3ed489b8e8b9473e635488:api-server/app/core/medium/src/Action/Dashboard/Group/Destroy.php#L37,git:3dcd216c188df34f2c3ed489b8e8b9473e635488:api-server/app/core/medium/src/Action/Dashboard/Group/Destroy.php#L37
dashboard,DELETE,/radar/destroy,web/legacy/dashboard/src/api/radar.js,internal/server/server.go,-,-,internal/server/server.go,internal/server/server.go
dashboard,DELETE,/role/destroy,web/legacy/dashboard/src/api/role.js,internal/server/server.go,git:3dcd216c188df34f2c3ed489b8e8b9473e635488:api-server/app/core/rbac/src/Action/Dashboard/Role/Destroy.php#L53,web/legacy/dashboard/src/views/role/index.vue,git:3dcd216c188df34f2c3ed489b8e8b9473e635488:api-server/app/core/rbac/src/Action/Dashboard/Role/Destroy.php#L53,git:3dcd216c188df34f2c3ed489b8e8b9473e635488:api-server/app/core/rbac/src/Action/Dashboard/Role/Destroy.php#L53
dashboard,DELETE,/roomCalendar/destroy,web/legacy/dashboard/src/api/roomCalendar.js,internal/server/server.go,-,-,internal/server/server.go,internal/server/server.go
dashboard,DELETE,/roomCalendar/destroyRoom,web/legacy/dashboard/src/api/roomCalendar.js,internal/server/server.go,-,web/legacy/dashboard/src/views/roomCalendar/components/group.vue,internal/server/server.go,internal/server/server.go
dashboard,DELETE,/roomClockIn/destroy,web/legacy/dashboard/src/api/roomClockIn.js,internal/server/server.go,-,-,internal/server/server.go,internal/server/server.go
dashboard,DELETE,/roomFission/destroy,web/legacy/dashboard/src/api/roomFission.js,internal/server/server.go,-,-,internal/server/server.go,internal/server/server.go
dashboard,DELETE,/roomInfinitePull/destroy,web/legacy/dashboard/src/api/roomInfinitePull.js,internal/server/server.go,-,-,internal/server/server.go,internal/server/server.go
dashboard,DELETE,/roomMessageBatchSend/destroy,web/legacy/dashboard/src/api/roomMessageBatchSend.js,internal/server/server.go,git:3dcd216c188df34f2c3ed489b8e8b9473e635488:api-server/plugin/mochat/room-message-batch-send/src/Action/Dashboard/Destroy.php#L43,web/legacy/dashboard/src/views/roomMessageBatchSend/index.vue,git:3dcd216c188df34f2c3ed489b8e8b9473e635488:api-server/plugin/mochat/room-message-batch-send/src/Action/Dashboard/Destroy.php#L43,git:3dcd216c188df34f2c3ed489b8e8b9473e635488:api-server/plugin/mochat/room-message-batch-send/src/Action/Dashboard/Destroy.php#L43
dashboard,DELETE,/roomQuality/destroy,web/legacy/dashboard/src/api/roomQuality.js,internal/server/server.go,-,-,internal/server/server.go,internal/server/server.go
dashboard,DELETE,/roomRemind/destroy,web/legacy/dashboard/src/api/roomRemind.js,internal/server/server.go,-,-,internal/server/server.go,internal/server/server.go
dashboard,DELETE,/roomSop/destroy,web/legacy/dashboard/src/api/roomSop.js,internal/server/server.go,-,-,internal/server/server.go,internal/server/server.go
dashboard,DELETE,/roomTagPull/destroy,web/legacy/dashboard/src/api/workRoom.js,internal/server/server.go,git:3dcd216c188df34f2c3ed489b8e8b9473e635488:api-server/plugin/mochat/room-tag-pull/src/Action/Dashboard/Destroy.php#L53,web/legacy/dashboard/src/views/roomTagPull/index.vue,git:3dcd216c188df34f2c3ed489b8e8b9473e635488:api-server/plugin/mochat/room-tag-pull/src/Action/Dashboard/Destroy.php#L53,git:3dcd216c188df34f2c3ed489b8e8b9473e635488:api-server/plugin/mochat/room-tag-pull/src/Action/Dashboard/Destroy.php#L53
dashboard,DELETE,/roomWelcome/destroy,web/legacy/dashboard/src/api/roomWelcome.js,internal/server/server.go,git:3dcd216c188df34f2c3ed489b8e8b9473e635488:api-server/plugin/mochat/room-welcome/src/Action/Dashboard/Destroy.php#L56,web/legacy/dashboard/src/views/roomWelcome/index.vue,git:3dcd216c188df34f2c3ed489b8e8b9473e635488:api-server/plugin/mochat/room-welcome/src/Action/Dashboard/Destroy.php#L56,git:3dcd216c188df34f2c3ed489b8e8b9473e635488:api-server/plugin/mochat/room-welcome/src/Action/Dashboard/Destroy.php#L56
dashboard,DELETE,/sensitiveWord/destroy,web/legacy/dashboard/src/api/sensitiveWords.js,internal/server/server.go,-,-,internal/server/server.go,internal/server/server.go
dashboard,DELETE,/shopCode/destroy,web/legacy/dashboard/src/api/shopCode.js,internal/server/server.go,-,-,internal/server/server.go,internal/server/server.go
dashboard,DELETE,/workContactTag/destroy,web/legacy/dashboard/src/api/workContactTag.js,internal/server/server.go,git:3dcd216c188df34f2c3ed489b8e8b9473e635488:api-server/app/core/work-contact/src/Action/Dashboard/Tag/Destroy.php#L53,web/legacy/dashboard/src/views/workContactTag/index.vue,git:3dcd216c188df34f2c3ed489b8e8b9473e635488:api-server/app/core/work-contact/src/Action/Dashboard/Tag/Destroy.php#L53,git:3dcd216c188df34f2c3ed489b8e8b9473e635488:api-server/app/core/work-contact/src/Action/Dashboard/Tag/Destroy.php#L53
dashboard,DELETE,/workContactTagGroup/destroy,web/legacy/dashboard/src/api/workContactTag.js,internal/server/server.go,git:3dcd216c188df34f2c3ed489b8e8b9473e635488:api-server/app/core/work-contact/src/Action/Dashboard/TagGroup/Destroy.php#L66,web/legacy/dashboard/src/views/workContactTag/index.vue,git:3dcd216c188df34f2c3ed489b8e8b9473e635488:api-server/app/core/work-contact/src/Action/Dashboard/TagGroup/Destroy.php#L66,git:3dcd216c188df34f2c3ed489b8e8b9473e635488:api-server/app/core/work-contact/src/Action/Dashboard/TagGroup/Destroy.php#L66
dashboard,DELETE,/workFission/destroy,web/legacy/dashboard/src/api/workFission.js,internal/server/server.go,git:3dcd216c188df34f2c3ed489b8e8b9473e635488:api-server/plugin/mochat/work-fission/src/Action/Dashboard/Destroy.php#L57,web/legacy/dashboard/src/views/workFission/index.vue,git:3dcd216c188df34f2c3ed489b8e8b9473e635488:api-server/plugin/mochat/work-fission/src/Action/Dashboard/Destroy.php#L57,git:3dcd216c188df34f2c3ed489b8e8b9473e635488:api-server/plugin/mochat/work-fission/src/Action/Dashboard/Destroy.php#L57
dashboard,DELETE,/workRoomGroup/destroy,web/legacy/dashboard/src/api/workRoom.js,internal/server/server.go,git:3dcd216c188df34f2c3ed489b8e8b9473e635488:api-server/app/core/work-room/src/Action/Dashboard/Group/Destroy.php#L60,web/legacy/dashboard/src/views/workRoom/index.vue,git:3dcd216c188df34f2c3ed489b8e8b9473e635488:api-server/app/core/work-room/src/Action/Dashboard/Group/Destroy.php#L60,git:3dcd216c188df34f2c3ed489b8e8b9473e635488:api-server/app/core/work-room/src/Action/Dashboard/Group/Destroy.php#L60
dashboard,DELETE,menu/destroy,web/legacy/dashboard/src/api/menu.js,internal/server/server.go,git:3dcd216c188df34f2c3ed489b8e8b9473e635488:api-server/app/core/rbac/src/Action/Dashboard/Menu/Destroy.php#L46,web/legacy/dashboard/src/views/menu/index.vue,git:3dcd216c188df34f2c3ed489b8e8b9473e635488:api-server/app/core/rbac/src/Action/Dashboard/Menu/Destroy.php#L46,git:3dcd216c188df34f2c3ed489b8e8b9473e635488:api-server/app/core/rbac/src/Action/Dashboard/Menu/Destroy.php#L46
dashboard,GET,/autoTag/index,web/legacy/dashboard/src/api/autoTag.js,internal/server/server.go,-,web/legacy/dashboard/src/views/autoTag/dayPartIndex.vue;web/legacy/dashboard/src/views/autoTag/joinRoomIndex.vue;web/legacy/dashboard/src/views/autoTag/keywordIndex.vue,client:web/legacy/dashboard/src/views/autoTag/dayPartIndex.vue;client:web/legacy/dashboard/src/views/autoTag/joinRoomIndex.vue;client:web/legacy/dashboard/src/views/autoTag/keywordIndex.vue,internal/server/server.go
dashboard,GET,/autoTag/show,web/legacy/dashboard/src/api/autoTag.js,internal/server/server.go,-,web/legacy/dashboard/src/views/autoTag/dayPartShow.vue;web/legacy/dashboard/src/views/autoTag/joinRoomShow.vue;web/legacy/dashboard/src/views/autoTag/keywordShow.vue,client:web/legacy/dashboard/src/views/autoTag/dayPartShow.vue;client:web/legacy/dashboard/src/views/autoTag/joinRoomShow.vue;client:web/legacy/dashboard/src/views/autoTag/keywordShow.vue,internal/server/server.go
dashboard,GET,/autoTag/showContactKeyWord,web/legacy/dashboard/src/api/autoTag.js,internal/server/server.go,-,web/legacy/dashboard/src/views/autoTag/keywordShow.vue,client:web/legacy/dashboard/src/views/autoTag/keywordShow.vue,internal/server/server.go
dashboard,GET,/autoTag/showContactRoom,web/legacy/dashboard/src/api/autoTag.js,internal/server/server.go,-,web/legacy/dashboard/src/views/autoTag/joinRoomShow.vue,client:web/legacy/dashboard/src/views/autoTag/joinRoomShow.vue,internal/server/server.go
dashboard,GET,/autoTag/showContactTime,web/legacy/dashboard/src/api/autoTag.js,internal/server/server.go,-,web/legacy/dashboard/src/views/autoTag/dayPartShow.vue,client:web/legacy/dashboard/src/views/autoTag/dayPartShow.vue,internal/server/server.go
dashboard,GET,/channelCode/contact,web/legacy/dashboard/src/api/channelCode.js,internal/server/server.go,git:3dcd216c188df34f2c3ed489b8e8b9473e635488:api-server/plugin/mochat/channel-code/src/Action/Dashboard/Contact.php#L44,web/legacy/dashboard/src/views/channelCode/index.vue,client:web/legacy/dashboard/src/views/channelCode/index.vue,git:3dcd216c188df34f2c3ed489b8e8b9473e635488:api-server/plugin/mochat/channel-code/src/Action/Dashboard/Contact.php#L44
dashboard,GET,/channelCode/index,web/legacy/dashboard/src/api/channelCode.js,internal/server/server.go,git:3dcd216c188df34f2c3ed489b8e8b9473e635488:api-server/plugin/mochat/channel-code/src/Action/Dashboard/Index.php#L42,web/legacy/dashboard/src/views/channelCode/index.vue,client:web/legacy/dashboard/src/views/channelCode/index.vue,git:3dcd216c188df34f2c3ed489b8e8b9473e635488:api-server/plugin/mochat/channel-code/src/Action/Dashboard/Index.php#L42
dashboard,GET,/channelCode/show,web/legacy/dashboard/src/api/channelCode.js,internal/server/server.go,git:3dcd216c188df34f2c3ed489b8e8b9473e635488:api-server/plugin/mochat/channel-code/src/Action/Dashboard/Show.php#L45,web/legacy/dashboard/src/views/channelCode/store.vue,client:web/legacy/dashboard/src/views/channelCode/store.vue,git:3dcd216c188df34f2c3ed489b8e8b9473e635488:api-server/plugin/mochat/channel-code/src/Action/Dashboard/Show.php#L45
dashboard,GET,/channelCode/statistics,web/legacy/dashboard/src/api/channelCode.js,internal/server/server.go,git:3dcd216c188df34f2c3ed489b8e8b9473e635488:api-server/plugin/mochat/channel-code/src/Action/Dashboard/Statistics.php#L45,web/legacy/dashboard/src/views/channelCode/statistics.vue,client:web/legacy/dashboard/src/views/channelCode/statistics.vue,git:3dcd216c188df34f2c3ed489b8e8b9473e635488:api-server/plugin/mochat/channel-code/src/Action/Dashboard/Statistics.php#L45
dashboard,GET,/channelCode/statisticsIndex,web/legacy/dashboard/src/api/channelCode.js,internal/server/server.go,git:3dcd216c188df34f2c3ed489b8e8b9473e635488:api-server/plugin/mochat/channel-code/src/Action/Dashboard/StatisticsIndex.php#L45,web/legacy/dashboard/src/views/channelCode/statistics.vue,client:web/legacy/dashboard/src/views/channelCode/statistics.vue,git:3dcd216c188df34f2c3ed489b8e8b9473e635488:api-server/plugin/mochat/channel-code/src/Action/Dashboard/StatisticsIndex.php#L45
dashboard,GET,/channelCodeGroup/index,web/legacy/dashboard/src/api/channelCode.js,internal/server/server.go,git:3dcd216c188df34f2c3ed489b8e8b9473e635488:api-server/plugin/mochat/channel-code/src/Action/Dashboard/Group/Index.php#L40,web/legacy/dashboard/src/views/channelCode/index.vue;web/legacy/dashboard/src/views/channelCode/store.vue,git:3dcd216c188df34f2c3ed489b8e8b9473e635488:api-server/plugin/mochat/channel-code/src/Action/Dashboard/Group/Index.php#L40,git:3dcd216c188df34f2c3ed489b8e8b9473e635488:api-server/plugin/mochat/channel-code/src/Action/Dashboard/Group/Index.php#L40
dashboard,GET,/chatTool/config,web/legacy/dashboard/src/api/chatTool.js,internal/server/server.go,git:3dcd216c188df34f2c3ed489b8e8b9473e635488:api-server/app/core/chat-tool/src/Action/Dashboard/Index.php#L89,web/legacy/dashboard/src/views/chatTool/customer.vue;web/legacy/dashboard/src/views/chatTool/enhance.vue,client:web/legacy/dashboard/src/views/chatTool/customer.vue;client:web/legacy/dashboard/src/views/chatTool/enhance.vue;git:3dcd216c188df34f2c3ed489b8e8b9473e635488:api-server/app/core/chat-tool/src/Action/Dashboard/Index.php#L89,git:3dcd216c188df34f2c3ed489b8e8b9473e635488:api-server/app/core/chat-tool/src/Action/Dashboard/Index.php#L89
dashboard,GET,/clockIn/index,web/legacy/dashboard/src/api/liveCode.js,internal/server/server.go,-,-,internal/server/server.go,internal/server/server.go
dashboard,GET,/contactBatchAdd/dataStatistic,web/legacy/dashboard/src/api/contactBatchAdd.js,internal/server/server.go,-,-,internal/server/server.go,internal/server/server.go
dashboard,GET,/contactBatchAdd/importIndex,web/legacy/dashboard/src/api/contactBatchAdd.js,internal/server/server.go,-,-,internal/server/server.go,internal/server/server.go
dashboard,GET,/contactBatchAdd/index,web/legacy/dashboard/src/api/contactBatchAdd.js,internal/server/server.go,-,-,internal/server/server.go,internal/server/server.go
dashboard,GET,/contactBatchAdd/remind,web/legacy/dashboard/src/api/contactBatchAdd.js,internal/server/server.go,-,-,internal/server/server.go,internal/server/server.go
dashboard,GET,/contactBatchAdd/settingEdit,web/legacy/dashboard/src/api/contactBatchAdd.js,internal/server/server.go,-,-,internal/server/server.go,internal/server/server.go
dashboard,GET,/contactField/index,web/legacy/dashboard/src/api/contactField.js,internal/server/server.go,git:3dcd216c188df34f2c3ed489b8e8b9473e635488:api-server/app/core/work-contact/src/Action/Dashboard/Field/Index.php#L39,web/legacy/dashboard/src/views/contactField/index.vue,client:web/legacy/dashboard/src/views/contactField/index.vue;git:3dcd216c188df34f2c3ed489b8e8b9473e635488:api-server/app/core/work-contact/src/Action/Dashboard/Field/Index.php#L39,git:3dcd216c188df34f2c3ed489b8e8b9473e635488:api-server/app/core/work-contact/src/Action/Dashboard/Field/Index.php#L39
dashboard,GET,/contactField/portrait,web/legacy/dashboard/src/api/workContact.js,internal/server/server.go,git:3dcd216c188df34f2c3ed489b8e8b9473e635488:api-server/app/core/work-contact/src/Action/Dashboard/Field/Portrait.php#L42,web/legacy/dashboard/src/views/workContact/index.vue,git:3dcd216c188df34f2c3ed489b8e8b9473e635488:api-server/app/core/work-contact/src/Action/Dashboard/Field/Portrait.php#L42,git:3dcd216c188df34f2c3ed489b8e8b9473e635488:api-server/app/core/work-contact/src/Action/Dashboard/Field/Portrait.php#L42
dashboard,GET,/contactFieldPivot/index,web/legacy/dashboard/src/api/workContact.js,internal/server/server.go,git:3dcd216c188df34f2c3ed489b8e8b9473e635488:api-server/app/core/work-contact/src/Action/Dashboard/FieldPivot/Index.php#L54,web/legacy/dashboard/src/views/workContact/contactFieldPivot.vue,git:3dcd216c188df34f2c3ed489b8e8b9473e635488:api-server/app/core/work-contact/src/Action/Dashboard/FieldPivot/Index.php#L54,git:3dcd216c188df34f2c3ed489b8e8b9473e635488:api-server/app/core/work-contact/src/Action/Dashboard/FieldPivot/Index.php#L54
dashboard,GET,/contactMessageBatchSend/contactReceiveIndex,web/legacy/dashboard/src/api/contactMessageBatchSend.js,internal/server/server.go,git:3dcd216c188df34f2c3ed489b8e8b9473e635488:api-server/plugin/mochat/contact-message-batch-send/src/Action/Dashboard/ContactReceiveIndex.php#L43,web/legacy/dashboard/src/views/contactMessageBatchSend/show.vue,client:web/legacy/dashboard/src/views/contactMessageBatchSend/show.vue,git:3dcd216c188df34f2c3ed489b8e8b9473e635488:api-server/plugin/mochat/contact-message-batch-send/src/Action/Dashboard/ContactReceiveIndex.php#L43
dashboard,GET,/contactMessageBatchSend/employeeSendIndex,web/legacy/dashboard/src/api/contactMessageBatchSend.js,internal/server/server.go,git:3dcd216c188df34f2c3ed489b8e8b9473e635488:api-server/plugin/mochat/contact-message-batch-send/src/Action/Dashboard/EmployeeSendIndex.php#L43,web/legacy/dashboard/src/views/contactMessageBatchSend/show.vue,client:web/legacy/dashboard/src/views/contactMessageBatchSend/show.vue,git:3dcd216c188df34f2c3ed489b8e8b9473e635488:api-server/plugin/mochat/contact-message-batch-send/src/Action/Dashboard/EmployeeSendIndex.php#L43
dashboard,GET,/contactMessageBatchSend/index,web/legacy/dashboard/src/api/contactMessageBatchSend.js,internal/server/server.go,git:3dcd216c188df34f2c3ed489b8e8b9473e635488:api-server/plugin/mochat/contact-message-batch-send/src/Action/Dashboard/Index.php#L43,web/legacy/dashboard/src/views/contactMessageBatchSend/index.vue,client:web/legacy/dashboard/src/views/contactMessageBatchSend/index.vue,git:3dcd216c188df34f2c3ed489b8e8b9473e635488:api-server/plugin/mochat/contact-message-batch-send/src/Action/Dashboard/Index.php#L43
dashboard,GET,/contactMessageBatchSend/messageShow,web/legacy/dashboard/src/api/contactMessageBatchSend.js,internal/server/server.go,-,-,internal/server/server.go,internal/server/server.go
dashboard,GET,/contactMessageBatchSend/show,web/legacy/dashboard/src/api/contactMessageBatchSend.js,internal/server/server.go,git:3dcd216c188df34f2c3ed489b8e8b9473e635488:api-server/plugin/mochat/contact-message-batch-send/src/Action/Dashboard/Show.php#L43,web/legacy/dashboard/src/views/contactMessageBatchSend/show.vue,git:3dcd216c188df34f2c3ed489b8e8b9473e635488:api-server/plugin/mochat/contact-message-batch-send/src/Action/Dashboard/Show.php#L43,git:3dcd216c188df34f2c3ed489b8e8b9473e635488:api-server/plugin/mochat/contact-message-batch-send/src/Action/Dashboard/Show.php#L43
dashboard,GET,/contactMessageBatchSend/showRoom,web/legacy/dashboard/src/api/workRoom.js,internal/server/server.go,git:3dcd216c188df34f2c3ed489b8e8b9473e635488:api-server/plugin/mochat/contact-message-batch-send/src/Action/Dashboard/ShowRoom.php#L64,web/legacy/dashboard/src/views/workRoom/detail.vue,git:3dcd216c188df34f2c3ed489b8e8b9473e635488:api-server/plugin/mochat/contact-message-batch-send/src/Action/Dashboard/ShowRoom.php#L64,git:3dcd216c188df34f2c3ed489b8e8b9473e635488:api-server/plugin/mochat/contact-message-batch-send/src/Action/Dashboard/ShowRoom.php#L64
dashboard,GET,/contactSop/index,web/legacy/dashboard/src/api/contactSop.js,internal/server/server.go,-,-,internal/server/server.go,internal/server/server.go
dashboard,GET,/contactSop/info,web/legacy/dashboard/src/api/contactSop.js,internal/server/server.go,-,-,internal/server/server.go,internal/server/server.go
dashboard,GET,/contactTransfer/info,web/legacy/dashboard/src/api/contactTransfer.js,internal/server/server.go,git:3dcd216c188df34f2c3ed489b8e8b9473e635488:api-server/plugin/mochat/contact-transfer/src/Action/Dashboard/Info.php#L52,web/legacy/dashboard/src/views/contactTransfer/workIndex.vue,git:3dcd216c188df34f2c3ed489b8e8b9473e635488:api-server/plugin/mochat/contact-transfer/src/Action/Dashboard/Info.php#L52,git:3dcd216c188df34f2c3ed489b8e8b9473e635488:api-server/plugin/mochat/contact-transfer/src/Action/Dashboard/Info.php#L52
dashboard,GET,/contactTransfer/log,web/legacy/dashboard/src/api/contactTransfer.js,internal/server/server.go,git:3dcd216c188df34f2c3ed489b8e8b9473e635488:api-server/plugin/mochat/contact-transfer/src/Action/Dashboard/Log.php#L53,web/legacy/dashboard/src/views/contactTransfer/resignAllotRecord.vue;web/legacy/dashboard/src/views/contactTransfer/workAllotRecord.vue,git:3dcd216c188df34f2c3ed489b8e8b9473e635488:api-server/plugin/mochat/contact-transfer/src/Action/Dashboard/Log.php#L53,git:3dcd216c188df34f2c3ed489b8e8b9473e635488:api-server/plugin/mochat/contact-transfer/src/Action/Dashboard/Log.php#L53
dashboard,GET,/contactTransfer/room,web/legacy/dashboard/src/api/contactTransfer.js,internal/server/server.go,git:3dcd216c188df34f2c3ed489b8e8b9473e635488:api-server/plugin/mochat/contact-transfer/src/Action/Dashboard/Room.php#L53,web/legacy/dashboard/src/views/contactTransfer/resignIndex.vue,git:3dcd216c188df34f2c3ed489b8e8b9473e635488:api-server/plugin/mochat/contact-transfer/src/Action/Dashboard/Room.php#L53,git:3dcd216c188df34f2c3ed489b8e8b9473e635488:api-server/plugin/mochat/contact-transfer/src/Action/Dashboard/Room.php#L53
dashboard,GET,/contactTransfer/saveUnassignedList,web/legacy/dashboard/src/api/contactTransfer.js,internal/server/server.go,git:3dcd216c188df34f2c3ed489b8e8b9473e635488:api-server/plugin/mochat/contact-transfer/src/Action/Dashboard/SaveUnassignedList.php#L55,-,git:3dcd216c188df34f2c3ed489b8e8b9473e635488:api-server/plugin/mochat/contact-transfer/src/Action/Dashboard/SaveUnassignedList.php#L55,git:3dcd216c188df34f2c3ed489b8e8b9473e635488:api-server/plugin/mochat/contact-transfer/src/Action/Dashboard/SaveUnassignedList.php#L55
dashboard,GET,/contactTransfer/unassignedList,web/legacy/dashboard/src/api/contactTransfer.js,internal/server/server.go,git:3dcd216c188df34f2c3ed489b8e8b9473e635488:api-server/plugin/mochat/contact-transfer/src/Action/Dashboard/UnassignedList.php#L53,web/legacy/dashboard/src/views/contactTransfer/resignIndex.vue,client:web/legacy/dashboard/src/views/contactTransfer/resignIndex.vue,git:3dcd216c188df34f2c3ed489b8e8b9473e635488:api-server/plugin/mochat/contact-transfer/src/Action/Dashboard/UnassignedList.php#L53
dashboard,GET,/corp/index,web/legacy/dashboard/src/api/corp.js,internal/server/server.go,git:3dcd216c188df34f2c3ed489b8e8b9473e635488:api-server/app/core/corp/src/Action/Dashboard/Index.php#L45,web/legacy/dashboard/src/views/corp/index.vue,client:web/legacy/dashboard/src/views/corp/index.vue,git:3dcd216c188df34f2c3ed489b8e8b9473e635488:api-server/app/core/corp/src/Action/Dashboard/Index.php#L45
dashboard,GET,/corp/select,web/legacy/dashboard/src/api/login.js,internal/server/server.go,git:3dcd216c188df34f2c3ed489b8e8b9473e635488:api-server/app/core/corp/src/Action/Dashboard/Select.php#L50,web/legacy/dashboard/src/components/GlobalHeader/AvatarDropdown.vue;web/legacy/dashboard/src/components/GlobalHeader/RightContent.vue,git:3dcd216c188df34f2c3ed489b8e8b9473e635488:api-server/app/core/corp/src/Action/Dashboard/Select.php#L50,git:3dcd216c188df34f2c3ed489b8e8b9473e635488:api-server/app/core/corp/src/Action/Dashboard/Select.php#L50
dashboard,GET,/corp/show,web/legacy/dashboard/src/api/corp.js,internal/server/server.go,git:3dcd216c188df34f2c3ed489b8e8b9473e635488:api-server/app/core/corp/src/Action/Dashboard/Show.php#L43,web/legacy/dashboard/src/views/corp/index.vue,git:3dcd216c188df34f2c3ed489b8e8b9473e635488:api-server/app/core/corp/src/Action/Dashboard/Show.php#L43,git:3dcd216c188df34f2c3ed489b8e8b9473e635488:api-server/app/core/corp/src/Action/Dashboard/Show.php#L43
dashboard,GET,/corpData/index,web/legacy/dashboard/src/api/corpData.js,internal/server/server.go,git:3dcd216c188df34f2c3ed489b8e8b9473e635488:api-server/app/core/index/src/Action/Dashboard/Index.php#L49,web/legacy/dashboard/src/views/corpData/index.vue,client:web/legacy/dashboard/src/views/corpData/index.vue,git:3dcd216c188df34f2c3ed489b8e8b9473e635488:api-server/app/core/index/src/Action/Dashboard/Index.php#L49
dashboard,GET,/corpData/lineChat,web/legacy/dashboard/src/api/corpData.js,internal/server/server.go,git:3dcd216c188df34f2c3ed489b8e8b9473e635488:api-server/app/core/index/src/Action/Dashboard/LineChat.php#L42,web/legacy/dashboard/src/views/corpData/index.vue,git:3dcd216c188df34f2c3ed489b8e8b9473e635488:api-server/app/core/index/src/Action/Dashboard/LineChat.php#L42,git:3dcd216c188df34f2c3ed489b8e8b9473e635488:api-server/app/core/index/src/Action/Dashboard/LineChat.php#L42
dashboard,GET,/external/tenantIndex,web/legacy/dashboard/src/api/corpData.js,internal/server/server.go,-,web/legacy/dashboard/src/views/corpData/index.vue,client:web/legacy/dashboard/src/views/corpData/index.vue,internal/server/server.go
dashboard,GET,/greeting/index,web/legacy/dashboard/src/api/greeting.js,internal/server/server.go,git:3dcd216c188df34f2c3ed489b8e8b9473e635488:api-server/plugin/mochat/greeting/src/Action/Dashboard/Index.php#L41,web/legacy/dashboard/src/views/greeting/index.vue,client:web/legacy/dashboard/src/views/greeting/index.vue,git:3dcd216c188df34f2c3ed489b8e8b9473e635488:api-server/plugin/mochat/greeting/src/Action/Dashboard/Index.php#L41
dashboard,GET,/greeting/show,web/legacy/dashboard/src/api/greeting.js,internal/server/server.go,git:3dcd216c188df34f2c3ed489b8e8b9473e635488:api-server/plugin/mochat/greeting/src/Action/Dashboard/Show.php#L57,web/legacy/dashboard/src/views/greeting/store.vue,client:web/legacy/dashboard/src/views/greeting/store.vue;git:3dcd216c188df34f2c3ed489b8e8b9473e635488:api-server/plugin/mochat/greeting/src/Action/Dashboard/Show.php#L57,git:3dcd216c188df34f2c3ed489b8e8b9473e635488:api-server/plugin/mochat/greeting/src/Action/Dashboard/Show.php#L57
dashboard,GET,/lottery/index,web/legacy/dashboard/src/api/lottery.js,internal/server/server.go,-,-,internal/server/server.go,internal/server/server.go
dashboard,GET,/lottery/info,web/legacy/dashboard/src/api/lottery.js,internal/server/server.go,-,-,internal/server/server.go,internal/server/server.go
dashboard,GET,/lottery/share,web/legacy/dashboard/src/api/lottery.js,internal/server/server.go,-,-,internal/server/server.go,internal/server/server.go
dashboard,GET,/lottery/show,web/legacy/dashboard/src/api/lottery.js,internal/server/server.go,-,-,internal/server/server.go,internal/server/server.go
dashboard,GET,/lottery/writeOff,web/legacy/dashboard/src/api/lottery.js,internal/server/server.go,-,-,internal/server/server.go,internal/server/server.go
dashboard,GET,/medium/index,web/legacy/dashboard/src/api/mediumGroup.js,internal/server/server.go,git:3dcd216c188df34f2c3ed489b8e8b9473e635488:api-server/app/core/medium/src/Action/Dashboard/Index.php#L43,web/legacy/dashboard/src/views/channelCode/store.vue;web/legacy/dashboard/src/views/greeting/store.vue;web/legacy/dashboard/src/views/mediumGroup/index.vue;web/legacy/dashboard/src/views/roomMessageBatchSend/store.vue,client:web/legacy/dashboard/src/views/channelCode/store.vue;client:web/legacy/dashboard/src/views/greeting/store.vue;client:web/legacy/dashboard/src/views/mediumGroup/index.vue;client:web/legacy/dashboard/src/views/roomMessageBatchSend/store.vue;git:3dcd216c188df34f2c3ed489b8e8b9473e635488:api-server/app/core/medium/src/Action/Dashboard/Index.php#L43,git:3dcd216c188df34f2c3ed489b8e8b9473e635488:api-server/app/core/medium/src/Action/Dashboard/Index.php#L43
dashboard,GET,/medium/show,web/legacy/dashboard/src/api/mediumGroup.js,internal/server/server.go,git:3dcd216c188df34f2c3ed489b8e8b9473e635488:api-server/app/core/medium/src/Action/Dashboard/Show.php#L38,web/legacy/dashboard/src/views/mediumGroup/index.vue,git:3dcd216c188df34f2c3ed489b8e8b9473e635488:api-server/app/core/medium/src/Action/Dashboard/Show.php#L38,git:3dcd216c188df34f2c3ed489b8e8b9473e635488:api-server/app/core/medium/src/Action/Dashboard/Show.php#L38
dashboard,GET,/mediumGroup/index,web/legacy/dashboard/src/api/mediumGroup.js,internal/server/server.go,git:3dcd216c188df34f2c3ed489b8e8b9473e635488:api-server/app/core/medium/src/Action/Dashboard/Group/Index.php#L36,web/legacy/dashboard/src/views/channelCode/store.vue;web/legacy/dashboard/src/views/greeting/store.vue;web/legacy/dashboard/src/views/mediumGroup/index.vue;web/legacy/dashboard/src/views/roomMessageBatchSend/store.vue,git:3dcd216c188df34f2c3ed489b8e8b9473e635488:api-server/app/core/medium/src/Action/Dashboard/Group/Index.php#L36,git:3dcd216c188df34f2c3ed489b8e8b9473e635488:api-server/app/core/medium/src/Action/Dashboard/Group/Index.php#L36
dashboard,GET,/officialAccount/getPreAuthUrl,web/legacy/dashboard/src/api/officialAccount.js,internal/server/server.go,git:3dcd216c188df34f2c3ed489b8e8b9473e635488:api-server/app/core/official-account/src/Action/Dashboard/GetPreAuthUrl.php#L64,web/legacy/dashboard/src/views/officialAccount/create.vue,client:web/legacy/dashboard/src/views/officialAccount/create.vue;git:3dcd216c188df34f2c3ed489b8e8b9473e635488:api-server/app/core/official-account/src/Action/Dashboard/GetPreAuthUrl.php#L64,git:3dcd216c188df34f2c3ed489b8e8b9473e635488:api-server/app/core/official-account/src/Action/Dashboard/GetPreAuthUrl.php#L64
dashboard,GET,/officialAccount/index,web/legacy/dashboard/src/api/lottery.js;web/legacy/dashboard/src/api/officialAccount.js;web/legacy/dashboard/src/api/radar.js;web/legacy/dashboard/src/api/roomClockIn.js;web/legacy/dashboard/src/api/roomFission.js;web/legacy/dashboard/src/api/shopCode.js,internal/server/server.go,git:3dcd216c188df34f2c3ed489b8e8b9473e635488:api-server/app/core/official-account/src/Action/Dashboard/Index.php#L78,web/legacy/dashboard/src/views/officialAccount/index.vue;web/legacy/dashboard/src/views/roomFission/components/create/step/step1.vue,git:3dcd216c188df34f2c3ed489b8e8b9473e635488:api-server/app/core/official-account/src/Action/Dashboard/Index.php#L78,git:3dcd216c188df34f2c3ed489b8e8b9473e635488:api-server/app/core/official-account/src/Action/Dashboard/Index.php#L78
dashboard,GET,/radar/index,web/legacy/dashboard/src/api/radar.js,internal/server/server.go,-,-,internal/server/server.go,internal/server/server.go
dashboard,GET,/radar/indexChannel,web/legacy/dashboard/src/api/radar.js,internal/server/server.go,-,web/legacy/dashboard/src/views/radar/components/share.vue,client:web/legacy/dashboard/src/views/radar/components/share.vue,internal/server/server.go
dashboard,GET,/radar/indexChannelLink,web/legacy/dashboard/src/api/radar.js,internal/server/server.go,-,web/legacy/dashboard/src/views/radar/components/share.vue,client:web/legacy/dashboard/src/views/radar/components/share.vue,internal/server/server.go
dashboard,GET,/radar/info,web/legacy/dashboard/src/api/radar.js,internal/server/server.go,-,-,internal/server/server.go,internal/server/server.go
dashboard,GET,/radar/radarArticle,web/legacy/dashboard/src/api/radar.js,internal/server/server.go,-,-,internal/server/server.go,internal/server/server.go
dashboard,GET,/radar/show,web/legacy/dashboard/src/api/radar.js,internal/server/server.go,-,-,internal/server/server.go,internal/server/server.go
dashboard,GET,/radar/showChannel,web/legacy/dashboard/src/api/radar.js,internal/server/server.go,-,-,internal/server/server.go,internal/server/server.go
dashboard,GET,/radar/showContact,web/legacy/dashboard/src/api/radar.js,internal/server/server.go,-,web/legacy/dashboard/src/views/radar/components/clickDetails.vue,client:web/legacy/dashboard/src/views/radar/components/clickDetails.vue,internal/server/server.go
dashboard,GET,/role/index,web/legacy/dashboard/src/api/role.js,internal/server/server.go,git:3dcd216c188df34f2c3ed489b8e8b9473e635488:api-server/app/core/rbac/src/Action/Dashboard/Role/Index.php#L47,web/legacy/dashboard/src/views/role/index.vue,git:3dcd216c188df34f2c3ed489b8e8b9473e635488:api-server/app/core/rbac/src/Action/Dashboard/Role/Index.php#L47,git:3dcd216c188df34f2c3ed489b8e8b9473e635488:api-server/app/core/rbac/src/Action/Dashboard/Role/Index.php#L47
dashboard,GET,/role/permissionByUser,web/legacy/dashboard/src/api/login.js,internal/server/server.go,git:3dcd216c188df34f2c3ed489b8e8b9473e635488:api-server/app/core/rbac/src/Action/Dashboard/Role/PermissionByUser.php#L70,web/legacy/dashboard/src/store/modules/permission.js,git:3dcd216c188df34f2c3ed489b8e8b9473e635488:api-server/app/core/rbac/src/Action/Dashboard/Role/PermissionByUser.php#L70,git:3dcd216c188df34f2c3ed489b8e8b9473e635488:api-server/app/core/rbac/src/Action/Dashboard/Role/PermissionByUser.php#L70
dashboard,GET,/role/permissionShow,web/legacy/dashboard/src/api/role.js,internal/server/server.go,git:3dcd216c188df34f2c3ed489b8e8b9473e635488:api-server/app/core/rbac/src/Action/Dashboard/Role/PermissionShow.php#L44,web/legacy/dashboard/src/views/role/permissionShow.vue,git:3dcd216c188df34f2c3ed489b8e8b9473e635488:api-server/app/core/rbac/src/Action/Dashboard/Role/PermissionShow.php#L44,git:3dcd216c188df34f2c3ed489b8e8b9473e635488:api-server/app/core/rbac/src/Action/Dashboard/Role/PermissionShow.php#L44
dashboard,GET,/role/select,web/legacy/dashboard/src/api/user.js,internal/server/server.go,git:3dcd216c188df34f2c3ed489b8e8b9473e635488:api-server/app/core/rbac/src/Action/Dashboard/Role/Select.php#L43,web/legacy/dashboard/src/views/user/index.vue,git:3dcd216c188df34f2c3ed489b8e8b9473e635488:api-server/app/core/rbac/src/Action/Dashboard/Role/Select.php#L43,git:3dcd216c188df34f2c3ed489b8e8b9473e635488:api-server/app/core/rbac/src/Action/Dashboard/Role/Select.php#L43
dashboard,GET,/role/show,web/legacy/dashboard/src/api/role.js,internal/server/server.go,git:3dcd216c188df34f2c3ed489b8e8b9473e635488:api-server/app/core/rbac/src/Action/Dashboard/Role/Show.php#L52,web/legacy/dashboard/src/views/role/index.vue,client:web/legacy/dashboard/src/views/role/index.vue;git:3dcd216c188df34f2c3ed489b8e8b9473e635488:api-server/app/core/rbac/src/Action/Dashboard/Role/Show.php#L52,git:3dcd216c188df34f2c3ed489b8e8b9473e635488:api-server/app/core/rbac/src/Action/Dashboard/Role/Show.php#L52
dashboard,GET,/role/showEmployee,web/legacy/dashboard/src/api/role.js,internal/server/server.go,git:3dcd216c188df34f2c3ed489b8e8b9473e635488:api-server/app/core/rbac/src/Action/Dashboard/Role/ShowEmployee.php#L47,web/legacy/dashboard/src/views/role/index.vue,git:3dcd216c188df34f2c3ed489b8e8b9473e635488:api-server/app/core/rbac/src/Action/Dashboard/Role/ShowEmployee.php#L47,git:3dcd216c188df34f2c3ed489b8e8b9473e635488:api-server/app/core/rbac/src/Action/Dashboard/Role/ShowEmployee.php#L47
dashboard,GET,/roomCalendar/index,web/legacy/dashboard/src/api/roomCalendar.js,internal/server/server.go,-,-,internal/server/server.go,internal/server/server.go
dashboard,GET,/roomCalendar/show,web/legacy/dashboard/src/api/roomCalendar.js,internal/server/server.go,-,-,internal/server/server.go,internal/server/server.go
dashboard,GET,/roomClockIn/dayDetail,web/legacy/dashboard/src/api/roomClockIn.js,internal/server/server.go,-,-,internal/server/server.go,internal/server/server.go
dashboard,GET,/roomClockIn/index,web/legacy/dashboard/src/api/roomClockIn.js,internal/server/server.go,-,-,internal/server/server.go,internal/server/server.go
dashboard,GET,/roomClockIn/info,web/legacy/dashboard/src/api/roomClockIn.js,internal/server/server.go,-,-,internal/server/server.go,internal/server/server.go
dashboard,GET,/roomClockIn/show,web/legacy/dashboard/src/api/roomClockIn.js,internal/server/server.go,-,-,internal/server/server.go,internal/server/server.go
dashboard,GET,/roomClockIn/showContact,web/legacy/dashboard/src/api/roomClockIn.js,internal/server/server.go,-,-,internal/server/server.go,internal/server/server.go
dashboard,GET,/roomFission/index,web/legacy/dashboard/src/api/roomFission.js,internal/server/server.go,-,-,internal/server/server.go,internal/server/server.go
dashboard,GET,/roomFission/info,web/legacy/dashboard/src/api/roomFission.js,internal/server/server.go,-,web/legacy/dashboard/src/views/roomFission/components/list/details.vue,client:web/legacy/dashboard/src/views/roomFission/components/list/details.vue,internal/server/server.go
dashboard,GET,/roomFission/show,web/legacy/dashboard/src/api/roomFission.js,internal/server/server.go,-,-,internal/server/server.go,internal/server/server.go
dashboard,GET,/roomFission/showContact,web/legacy/dashboard/src/api/roomFission.js,internal/server/server.go,-,-,internal/server/server.go,internal/server/server.go
dashboard,GET,/roomFission/showRoom,web/legacy/dashboard/src/api/roomFission.js,internal/server/server.go,-,-,internal/server/server.go,internal/server/server.go
dashboard,GET,/roomFission/writeOff,web/legacy/dashboard/src/api/roomFission.js,internal/server/server.go,-,-,internal/server/server.go,internal/server/server.go
dashboard,GET,/roomInfinitePull/index,web/legacy/dashboard/src/api/roomInfinitePull.js,internal/server/server.go,-,-,internal/server/server.go,internal/server/server.go
dashboard,GET,/roomInfinitePull/info,web/legacy/dashboard/src/api/roomInfinitePull.js,internal/server/server.go,-,-,internal/server/server.go,internal/server/server.go
dashboard,GET,/roomMessageBatchSend/index,web/legacy/dashboard/src/api/roomMessageBatchSend.js,internal/server/server.go,git:3dcd216c188df34f2c3ed489b8e8b9473e635488:api-server/plugin/mochat/room-message-batch-send/src/Action/Dashboard/Index.php#L53,web/legacy/dashboard/src/views/roomMessageBatchSend/index.vue,git:3dcd216c188df34f2c3ed489b8e8b9473e635488:api-server/plugin/mochat/room-message-batch-send/src/Action/Dashboard/Index.php#L53,git:3dcd216c188df34f2c3ed489b8e8b9473e635488:api-server/plugin/mochat/room-message-batch-send/src/Action/Dashboard/Index.php#L53
dashboard,GET,/roomQuality/contactDetail,web/legacy/dashboard/src/api/roomQuality.js,internal/server/server.go,-,-,internal/server/server.go,internal/server/server.go
dashboard,GET,/roomQuality/index,web/legacy/dashboard/src/api/roomQuality.js,internal/server/server.go,-,-,internal/server/server.go,internal/server/server.go
dashboard,GET,/roomQuality/info,web/legacy/dashboard/src/api/roomQuality.js,internal/server/server.go,-,-,internal/server/server.go,internal/server/server.go
dashboard,GET,/roomQuality/showContact,web/legacy/dashboard/src/api/roomQuality.js,internal/server/server.go,-,-,internal/server/server.go,internal/server/server.go
dashboard,GET,/roomRemind/index,web/legacy/dashboard/src/api/roomRemind.js,internal/server/server.go,-,-,internal/server/server.go,internal/server/server.go
dashboard,GET,/roomRemind/info,web/legacy/dashboard/src/api/roomRemind.js,internal/server/server.go,-,-,internal/server/server.go,internal/server/server.go
dashboard,GET,/roomRemind/status,web/legacy/dashboard/src/api/roomRemind.js,internal/server/server.go,-,-,internal/server/server.go,internal/server/server.go
dashboard,GET,/roomSop/index,web/legacy/dashboard/src/api/roomSop.js,internal/server/server.go,-,-,internal/server/server.go,internal/server/server.go
dashboard,GET,/roomSop/info,web/legacy/dashboard/src/api/roomSop.js,internal/server/server.go,-,-,internal/server/server.go,internal/server/server.go
dashboard,GET,/roomTagPull/chooseContact,web/legacy/dashboard/src/api/workRoom.js,internal/server/server.go,git:3dcd216c188df34f2c3ed489b8e8b9473e635488:api-server/plugin/mochat/room-tag-pull/src/Action/Dashboard/ChooseContact.php#L63,web/legacy/dashboard/src/views/roomTagPull/create.vue,git:3dcd216c188df34f2c3ed489b8e8b9473e635488:api-server/plugin/mochat/room-tag-pull/src/Action/Dashboard/ChooseContact.php#L63,git:3dcd216c188df34f2c3ed489b8e8b9473e635488:api-server/plugin/mochat/room-tag-pull/src/Action/Dashboard/ChooseContact.php#L63
dashboard,GET,/roomTagPull/index,web/legacy/dashboard/src/api/workRoom.js,internal/server/server.go,git:3dcd216c188df34f2c3ed489b8e8b9473e635488:api-server/plugin/mochat/room-tag-pull/src/Action/Dashboard/Index.php#L81,web/legacy/dashboard/src/views/roomTagPull/index.vue,client:web/legacy/dashboard/src/views/roomTagPull/index.vue,git:3dcd216c188df34f2c3ed489b8e8b9473e635488:api-server/plugin/mochat/room-tag-pull/src/Action/Dashboard/Index.php#L81
dashboard,GET,/roomTagPull/remindSend,web/legacy/dashboard/src/api/workRoom.js,internal/server/server.go,git:3dcd216c188df34f2c3ed489b8e8b9473e635488:api-server/plugin/mochat/room-tag-pull/src/Action/Dashboard/RemindSend.php#L102,web/legacy/dashboard/src/views/roomTagPull/index.vue,git:3dcd216c188df34f2c3ed489b8e8b9473e635488:api-server/plugin/mochat/room-tag-pull/src/Action/Dashboard/RemindSend.php#L102,git:3dcd216c188df34f2c3ed489b8e8b9473e635488:api-server/plugin/mochat/room-tag-pull/src/Action/Dashboard/RemindSend.php#L102
dashboard,GET,/roomTagPull/roomList,web/legacy/dashboard/src/api/workRoom.js,internal/server/server.go,git:3dcd216c188df34f2c3ed489b8e8b9473e635488:api-server/plugin/mochat/room-tag-pull/src/Action/Dashboard/RoomList.php#L100,web/legacy/dashboard/src/components/Select/group.vue;web/legacy/dashboard/src/components/Select/selectGroup.vue,git:3dcd216c188df34f2c3ed489b8e8b9473e635488:api-server/plugin/mochat/room-tag-pull/src/Action/Dashboard/RoomList.php#L100,git:3dcd216c188df34f2c3ed489b8e8b9473e635488:api-server/plugin/mochat/room-tag-pull/src/Action/Dashboard/RoomList.php#L100
dashboard,GET,/roomTagPull/show,web/legacy/dashboard/src/api/workRoom.js,internal/server/server.go,git:3dcd216c188df34f2c3ed489b8e8b9473e635488:api-server/plugin/mochat/room-tag-pull/src/Action/Dashboard/Show.php#L105,web/legacy/dashboard/src/views/roomTagPull/detail.vue,client:web/legacy/dashboard/src/views/roomTagPull/detail.vue,git:3dcd216c188df34f2c3ed489b8e8b9473e635488:api-server/plugin/mochat/room-tag-pull/src/Action/Dashboard/Show.php#L105
dashboard,GET,/roomTagPull/showContact,web/legacy/dashboard/src/api/workRoom.js,internal/server/server.go,git:3dcd216c188df34f2c3ed489b8e8b9473e635488:api-server/plugin/mochat/room-tag-pull/src/Action/Dashboard/ShowContact.php#L112,web/legacy/dashboard/src/views/roomTagPull/detail.vue,client:web/legacy/dashboard/src/views/roomTagPull/detail.vue;git:3dcd216c188df34f2c3ed489b8e8b9473e635488:api-server/plugin/mochat/room-tag-pull/src/Action/Dashboard/ShowContact.php#L112,git:3dcd216c188df34f2c3ed489b8e8b9473e635488:api-server/plugin/mochat/room-tag-pull/src/Action/Dashboard/ShowContact.php#L112
dashboard,GET,/roomWelcome/index,web/legacy/dashboard/src/api/roomWelcome.js,internal/server/server.go,git:3dcd216c188df34f2c3ed489b8e8b9473e635488:api-server/plugin/mochat/room-welcome/src/Action/Dashboard/Index.php#L42,web/legacy/dashboard/src/views/roomWelcome/index.vue,client:web/legacy/dashboard/src/views/roomWelcome/index.vue,git:3dcd216c188df34f2c3ed489b8e8b9473e635488:api-server/plugin/mochat/room-welcome/src/Action/Dashboard/Index.php#L42
dashboard,GET,/roomWelcome/show,web/legacy/dashboard/src/api/roomWelcome.js,internal/server/server.go,git:3dcd216c188df34f2c3ed489b8e8b9473e635488:api-server/plugin/mochat/room-welcome/src/Action/Dashboard/Show.php#L50,web/legacy/dashboard/src/views/roomWelcome/create.vue,git:3dcd216c188df34f2c3ed489b8e8b9473e635488:api-server/plugin/mochat/room-welcome/src/Action/Dashboard/Show.php#L50,git:3dcd216c188df34f2c3ed489b8e8b9473e635488:api-server/plugin/mochat/room-welcome/src/Action/Dashboard/Show.php#L50
dashboard,GET,/sensitiveWord/index,web/legacy/dashboard/src/api/sensitiveWords.js,internal/server/server.go,-,-,internal/server/server.go,internal/server/server.go
dashboard,GET,/sensitiveWordGroup/select,web/legacy/dashboard/src/api/sensitiveWords.js;web/legacy/dashboard/src/api/sensitiveWordsMonitor.js,internal/server/server.go,-,-,internal/server/server.go,internal/server/server.go
dashboard,GET,/sensitiveWordsMonitor/index,web/legacy/dashboard/src/api/sensitiveWordsMonitor.js,internal/server/server.go,-,-,internal/server/server.go,internal/server/server.go
dashboard,GET,/sensitiveWordsMonitor/show,web/legacy/dashboard/src/api/sensitiveWordsMonitor.js,internal/server/server.go,-,-,internal/server/server.go,internal/server/server.go
dashboard,GET,/shopCode/addressKeyWordList,web/legacy/dashboard/src/api/shopCode.js,internal/server/server.go,-,-,internal/server/server.go,internal/server/server.go
dashboard,GET,/shopCode/index,web/legacy/dashboard/src/api/shopCode.js,internal/server/server.go,-,-,internal/server/server.go,internal/server/server.go
dashboard,GET,/shopCode/info,web/legacy/dashboard/src/api/shopCode.js,internal/server/server.go,-,-,internal/server/server.go,internal/server/server.go
dashboard,GET,/shopCode/location,web/legacy/dashboard/src/api/shopCode.js,internal/server/server.go,-,-,internal/server/server.go,internal/server/server.go
dashboard,GET,/shopCode/pageInfo,web/legacy/dashboard/src/api/shopCode.js,internal/server/server.go,-,-,internal/server/server.go,internal/server/server.go
dashboard,GET,/shopCode/searchCity,web/legacy/dashboard/src/api/shopCode.js,internal/server/server.go,-,-,internal/server/server.go,internal/server/server.go
dashboard,GET,/shopCode/share,web/legacy/dashboard/src/api/shopCode.js,internal/server/server.go,-,-,internal/server/server.go,internal/server/server.go
dashboard,GET,/shopCode/show,web/legacy/dashboard/src/api/shopCode.js,internal/server/server.go,-,-,internal/server/server.go,internal/server/server.go
dashboard,GET,/shopCode/showContact,web/legacy/dashboard/src/api/shopCode.js,internal/server/server.go,-,-,internal/server/server.go,internal/server/server.go
dashboard,GET,/shopCode/showShop,web/legacy/dashboard/src/api/shopCode.js,internal/server/server.go,-,-,internal/server/server.go,internal/server/server.go
dashboard,GET,/statistic/employeeCounts,web/legacy/dashboard/src/api/statistic.js,internal/server/server.go,git:3dcd216c188df34f2c3ed489b8e8b9473e635488:api-server/plugin/mochat/statistic/src/Action/Dashboard/EmployeeCounts.php#L65,web/legacy/dashboard/src/views/statistics/employee.vue,client:web/legacy/dashboard/src/views/statistics/employee.vue;git:3dcd216c188df34f2c3ed489b8e8b9473e635488:api-server/plugin/mochat/statistic/src/Action/Dashboard/EmployeeCounts.php#L65,git:3dcd216c188df34f2c3ed489b8e8b9473e635488:api-server/plugin/mochat/statistic/src/Action/Dashboard/EmployeeCounts.php#L65
dashboard,GET,/statistic/employees,web/legacy/dashboard/src/api/statistic.js,internal/server/server.go,git:3dcd216c188df34f2c3ed489b8e8b9473e635488:api-server/plugin/mochat/statistic/src/Action/Dashboard/Employees.php#L65,web/legacy/dashboard/src/views/statistics/employee.vue,git:3dcd216c188df34f2c3ed489b8e8b9473e635488:api-server/plugin/mochat/statistic/src/Action/Dashboard/Employees.php#L65,git:3dcd216c188df34f2c3ed489b8e8b9473e635488:api-server/plugin/mochat/statistic/src/Action/Dashboard/Employees.php#L65
dashboard,GET,/statistic/employeesTrend,web/legacy/dashboard/src/api/statistic.js,internal/server/server.go,git:3dcd216c188df34f2c3ed489b8e8b9473e635488:api-server/plugin/mochat/statistic/src/Action/Dashboard/EmployeesTrend.php#L65,web/legacy/dashboard/src/views/statistics/employee.vue,client:web/legacy/dashboard/src/views/statistics/employee.vue,git:3dcd216c188df34f2c3ed489b8e8b9473e635488:api-server/plugin/mochat/statistic/src/Action/Dashboard/EmployeesTrend.php#L65
dashboard,GET,/statistic/index,web/legacy/dashboard/src/api/statistic.js,internal/server/server.go,git:3dcd216c188df34f2c3ed489b8e8b9473e635488:api-server/plugin/mochat/statistic/src/Action/Dashboard/Index.php#L52,web/legacy/dashboard/src/views/statistics/contact.vue,client:web/legacy/dashboard/src/views/statistics/contact.vue;git:3dcd216c188df34f2c3ed489b8e8b9473e635488:api-server/plugin/mochat/statistic/src/Action/Dashboard/Index.php#L52,git:3dcd216c188df34f2c3ed489b8e8b9473e635488:api-server/plugin/mochat/statistic/src/Action/Dashboard/Index.php#L52
dashboard,GET,/statistic/topList,web/legacy/dashboard/src/api/statistic.js,internal/server/server.go,git:3dcd216c188df34f2c3ed489b8e8b9473e635488:api-server/plugin/mochat/statistic/src/Action/Dashboard/TopList.php#L53,web/legacy/dashboard/src/views/statistics/employee.vue,client:web/legacy/dashboard/src/views/statistics/employee.vue,git:3dcd216c188df34f2c3ed489b8e8b9473e635488:api-server/plugin/mochat/statistic/src/Action/Dashboard/TopList.php#L53
dashboard,GET,/Task/AutoTag/KeyWordTag,web/legacy/dashboard/src/api/autoTag.js,internal/server/server.go,-,-,internal/server/server.go,internal/server/server.go
dashboard,GET,/task/roomRemind,web/legacy/dashboard/src/api/roomRemind.js,internal/server/server.go,-,-,internal/server/server.go,internal/server/server.go
dashboard,GET,/user/index,web/legacy/dashboard/src/api/user.js,internal/server/server.go,git:3dcd216c188df34f2c3ed489b8e8b9473e635488:api-server/app/core/user/src/Action/Dashboard/Index.php#L41,web/legacy/dashboard/src/views/user/index.vue,client:web/legacy/dashboard/src/views/user/index.vue,git:3dcd216c188df34f2c3ed489b8e8b9473e635488:api-server/app/core/user/src/Action/Dashboard/Index.php#L41
dashboard,GET,/user/loginShow,web/legacy/dashboard/src/api/login.js,internal/server/server.go,git:3dcd216c188df34f2c3ed489b8e8b9473e635488:api-server/app/core/user/src/Action/Dashboard/LoginShow.php#L50,web/legacy/dashboard/src/store/modules/user.js,git:3dcd216c188df34f2c3ed489b8e8b9473e635488:api-server/app/core/user/src/Action/Dashboard/LoginShow.php#L50,git:3dcd216c188df34f2c3ed489b8e8b9473e635488:api-server/app/core/user/src/Action/Dashboard/LoginShow.php#L50
dashboard,GET,/user/show,web/legacy/dashboard/src/api/user.js,internal/server/server.go,git:3dcd216c188df34f2c3ed489b8e8b9473e635488:api-server/app/core/user/src/Action/Dashboard/Show.php#L78,web/legacy/dashboard/src/views/user/index.vue,client:web/legacy/dashboard/src/views/user/index.vue,git:3dcd216c188df34f2c3ed489b8e8b9473e635488:api-server/app/core/user/src/Action/Dashboard/Show.php#L78
dashboard,GET,/workContact/index,web/legacy/dashboard/src/api/workContact.js,internal/server/server.go,git:3dcd216c188df34f2c3ed489b8e8b9473e635488:api-server/app/core/work-contact/src/Action/Dashboard/Index.php#L44,web/legacy/dashboard/src/views/workContact/index.vue,client:web/legacy/dashboard/src/views/workContact/index.vue,git:3dcd216c188df34f2c3ed489b8e8b9473e635488:api-server/app/core/work-contact/src/Action/Dashboard/Index.php#L44
dashboard,GET,/workContact/lossContact,web/legacy/dashboard/src/api/lossContact.js,internal/server/server.go,git:3dcd216c188df34f2c3ed489b8e8b9473e635488:api-server/app/core/work-contact/src/Action/Dashboard/LossContact.php#L47,web/legacy/dashboard/src/views/lossContact/index.vue,client:web/legacy/dashboard/src/views/lossContact/index.vue,git:3dcd216c188df34f2c3ed489b8e8b9473e635488:api-server/app/core/work-contact/src/Action/Dashboard/LossContact.php#L47
dashboard,GET,/workContact/show,web/legacy/dashboard/src/api/workContact.js,internal/server/server.go,git:3dcd216c188df34f2c3ed489b8e8b9473e635488:api-server/app/core/work-contact/src/Action/Dashboard/Show.php#L45,web/legacy/dashboard/src/views/workContact/contactFieldPivot.vue,client:web/legacy/dashboard/src/views/workContact/contactFieldPivot.vue,git:3dcd216c188df34f2c3ed489b8e8b9473e635488:api-server/app/core/work-contact/src/Action/Dashboard/Show.php#L45
dashboard,GET,/workContact/source,web/legacy/dashboard/src/api/workContact.js,internal/server/server.go,git:3dcd216c188df34f2c3ed489b8e8b9473e635488:api-server/app/core/work-contact/src/Action/Dashboard/Source.php#L32,web/legacy/dashboard/src/views/workContact/index.vue,git:3dcd216c188df34f2c3ed489b8e8b9473e635488:api-server/app/core/work-contact/src/Action/Dashboard/Source.php#L32,git:3dcd216c188df34f2c3ed489b8e8b9473e635488:api-server/app/core/work-contact/src/Action/Dashboard/Source.php#L32
dashboard,GET,/workContact/track,web/legacy/dashboard/src/api/workContact.js,internal/server/server.go,git:3dcd216c188df34f2c3ed489b8e8b9473e635488:api-server/app/core/work-contact/src/Action/Dashboard/Track.php#L46,web/legacy/dashboard/src/views/workContact/contactFieldPivot.vue,git:3dcd216c188df34f2c3ed489b8e8b9473e635488:api-server/app/core/work-contact/src/Action/Dashboard/Track.php#L46,git:3dcd216c188df34f2c3ed489b8e8b9473e635488:api-server/app/core/work-contact/src/Action/Dashboard/Track.php#L46
dashboard,GET,/workContactRoom/index,web/legacy/dashboard/src/api/workRoom.js,internal/server/server.go,git:3dcd216c188df34f2c3ed489b8e8b9473e635488:api-server/app/core/work-contact/src/Action/Dashboard/Room/Index.php#L41,web/legacy/dashboard/src/views/workRoom/detail.vue;web/legacy/dashboard/src/views/workRoom/index.vue,client:web/legacy/dashboard/src/views/workRoom/detail.vue;client:web/legacy/dashboard/src/views/workRoom/index.vue,git:3dcd216c188df34f2c3ed489b8e8b9473e635488:api-server/app/core/work-contact/src/Action/Dashboard/Room/Index.php#L41
dashboard,GET,/workContactTag/allTag,web/legacy/dashboard/src/api/workContact.js;web/legacy/dashboard/src/api/workRoom.js,internal/server/server.go,git:3dcd216c188df34f2c3ed489b8e8b9473e635488:api-server/app/core/work-contact/src/Action/Dashboard/Tag/AllTag.php#L40,web/legacy/dashboard/src/views/channelCode/store.vue;web/legacy/dashboard/src/views/workContact/contactFieldPivot.vue;web/legacy/dashboard/src/views/workRoomAutoPull/store.vue,git:3dcd216c188df34f2c3ed489b8e8b9473e635488:api-server/app/core/work-contact/src/Action/Dashboard/Tag/AllTag.php#L40,git:3dcd216c188df34f2c3ed489b8e8b9473e635488:api-server/app/core/work-contact/src/Action/Dashboard/Tag/AllTag.php#L40
dashboard,GET,/workContactTag/contactTagList,web/legacy/dashboard/src/api/roomClockIn.js;web/legacy/dashboard/src/api/roomFission.js,internal/server/server.go,git:3dcd216c188df34f2c3ed489b8e8b9473e635488:api-server/app/core/work-contact/src/Action/Dashboard/Tag/ContactTagList.php#L62,web/legacy/dashboard/src/components/addlabel/index.vue;web/legacy/dashboard/src/components/addlabel/selectTags.vue;web/legacy/dashboard/src/views/roomFission/components/create/step/step4.vue,git:3dcd216c188df34f2c3ed489b8e8b9473e635488:api-server/app/core/work-contact/src/Action/Dashboard/Tag/ContactTagList.php#L62,git:3dcd216c188df34f2c3ed489b8e8b9473e635488:api-server/app/core/work-contact/src/Action/Dashboard/Tag/ContactTagList.php#L62
dashboard,GET,/workContactTag/detail,web/legacy/dashboard/src/api/workContactTag.js,internal/server/server.go,git:3dcd216c188df34f2c3ed489b8e8b9473e635488:api-server/app/core/work-contact/src/Action/Dashboard/Tag/Detail.php#L43,web/legacy/dashboard/src/views/workContactTag/index.vue,git:3dcd216c188df34f2c3ed489b8e8b9473e635488:api-server/app/core/work-contact/src/Action/Dashboard/Tag/Detail.php#L43,git:3dcd216c188df34f2c3ed489b8e8b9473e635488:api-server/app/core/work-contact/src/Action/Dashboard/Tag/Detail.php#L43
dashboard,GET,/workContactTag/index,web/legacy/dashboard/src/api/workContactTag.js,internal/server/server.go,git:3dcd216c188df34f2c3ed489b8e8b9473e635488:api-server/app/core/work-contact/src/Action/Dashboard/Tag/Index.php#L55,web/legacy/dashboard/src/views/workContactTag/index.vue,client:web/legacy/dashboard/src/views/workContactTag/index.vue;git:3dcd216c188df34f2c3ed489b8e8b9473e635488:api-server/app/core/work-contact/src/Action/Dashboard/Tag/Index.php#L55,git:3dcd216c188df34f2c3ed489b8e8b9473e635488:api-server/app/core/work-contact/src/Action/Dashboard/Tag/Index.php#L55
dashboard,GET,/workContactTagGroup/detail,web/legacy/dashboard/src/api/workContactTag.js,internal/server/server.go,git:3dcd216c188df34f2c3ed489b8e8b9473e635488:api-server/app/core/work-contact/src/Action/Dashboard/TagGroup/Detail.php#L43,-,git:3dcd216c188df34f2c3ed489b8e8b9473e635488:api-server/app/core/work-contact/src/Action/Dashboard/TagGroup/Detail.php#L43,git:3dcd216c188df34f2c3ed489b8e8b9473e635488:api-server/app/core/work-contact/src/Action/Dashboard/TagGroup/Detail.php#L43
dashboard,GET,/workContactTagGroup/index,web/legacy/dashboard/src/api/workContactTag.js;web/legacy/dashboard/src/api/workRoom.js,internal/server/server.go,git:3dcd216c188df34f2c3ed489b8e8b9473e635488:api-server/app/core/work-contact/src/Action/Dashboard/TagGroup/Index.php#L40,web/legacy/dashboard/src/views/channelCode/store.vue;web/legacy/dashboard/src/views/workContact/contactFieldPivot.vue;web/legacy/dashboard/src/views/workContactTag/index.vue;web/legacy/dashboard/src/views/workRoomAutoPull/store.vue,git:3dcd216c188df34f2c3ed489b8e8b9473e635488:api-server/app/core/work-contact/src/Action/Dashboard/TagGroup/Index.php#L40,git:3dcd216c188df34f2c3ed489b8e8b9473e635488:api-server/app/core/work-contact/src/Action/Dashboard/TagGroup/Index.php#L40
dashboard,GET,/workDepartment/index,web/legacy/dashboard/src/api/channelCode.js;web/legacy/dashboard/src/api/contactBatchAdd.js;web/legacy/dashboard/src/api/contactTransfer.js;web/legacy/dashboard/src/api/radar.js;web/legacy/dashboard/src/api/roomFission.js;web/legacy/dashboard/src/api/roomMessageBatchSend.js;web/legacy/dashboard/src/api/shopCode.js;web/legacy/dashboard/src/api/statistic.js;web/legacy/dashboard/src/api/workRoom.js,internal/server/server.go,git:3dcd216c188df34f2c3ed489b8e8b9473e635488:api-server/app/core/work-department/src/Action/Dashboard/Index.php#L53,web/legacy/dashboard/src/components/Select/member.vue;web/legacy/dashboard/src/components/addlabel/selectStaff.vue;web/legacy/dashboard/src/components/department/index.vue;web/legacy/dashboard/src/views/channelCode/store.vue;web/legacy/dashboard/src/views/contactTransfer/resignAllotRecord.vue;web/legacy/dashboard/src/views/contactTransfer/workAllotRecord.vue;web/legacy/dashboard/src/views/greeting/components/department.vue;web/legacy/dashboard/src/views/radar/components/share.vue;web/legacy/dashboard/src/views/roomFission/components/create/step/step1.vue;web/legacy/dashboard/src/views/roomFission/components/list/details.vue;web/legacy/dashboard/src/views/roomMessageBatchSend/show.vue;web/legacy/dashboard/src/views/sensitiveWordsMonitor/components/department.vue;web/legacy/dashboard/src/views/statistics/employee.vue;web/legacy/dashboard/src/views/workContact/components/department.vue;web/legacy/dashboard/src/views/workContact/index.vue;web/legacy/dashboard/src/views/workRoom/index.vue,client:web/legacy/dashboard/src/components/Select/member.vue;client:web/legacy/dashboard/src/components/addlabel/selectStaff.vue;client:web/legacy/dashboard/src/components/department/index.vue;client:web/legacy/dashboard/src/views/channelCode/store.vue;client:web/legacy/dashboard/src/views/contactTransfer/resignAllotRecord.vue;client:web/legacy/dashboard/src/views/contactTransfer/workAllotRecord.vue;client:web/legacy/dashboard/src/views/greeting/components/department.vue;client:web/legacy/dashboard/src/views/radar/components/share.vue;client:web/legacy/dashboard/src/views/roomFission/components/create/step/step1.vue;client:web/legacy/dashboard/src/views/roomFission/components/list/details.vue;client:web/legacy/dashboard/src/views/roomMessageBatchSend/show.vue;client:web/legacy/dashboard/src/views/sensitiveWordsMonitor/components/department.vue;client:web/legacy/dashboard/src/views/statistics/employee.vue;client:web/legacy/dashboard/src/views/workContact/components/department.vue;client:web/legacy/dashboard/src/views/workContact/index.vue;client:web/legacy/dashboard/src/views/workRoom/index.vue,git:3dcd216c188df34f2c3ed489b8e8b9473e635488:api-server/app/core/work-department/src/Action/Dashboard/Index.php#L53
dashboard,GET,/workDepartment/memberIndex,web/legacy/dashboard/src/api/channelCode.js,internal/server/server.go,-,-,internal/server/server.go,internal/server/server.go
dashboard,GET,/workDepartment/pageIndex,web/legacy/dashboard/src/api/department.js,internal/server/server.go,git:3dcd216c188df34f2c3ed489b8e8b9473e635488:api-server/app/core/work-department/src/Action/Dashboard/PageIndex.php#L54,web/legacy/dashboard/src/views/department/index.vue,git:3dcd216c188df34f2c3ed489b8e8b9473e635488:api-server/app/core/work-department/src/Action/Dashboard/PageIndex.php#L54,git:3dcd216c188df34f2c3ed489b8e8b9473e635488:api-server/app/core/work-department/src/Action/Dashboard/PageIndex.php#L54
dashboard,GET,/workDepartment/selectByPhone,web/legacy/dashboard/src/api/user.js,internal/server/server.go,git:3dcd216c188df34f2c3ed489b8e8b9473e635488:api-server/app/core/work-department/src/Action/Dashboard/SelectByPhone.php#L57,web/legacy/dashboard/src/views/user/index.vue,git:3dcd216c188df34f2c3ed489b8e8b9473e635488:api-server/app/core/work-department/src/Action/Dashboard/SelectByPhone.php#L57,git:3dcd216c188df34f2c3ed489b8e8b9473e635488:api-server/app/core/work-department/src/Action/Dashboard/SelectByPhone.php#L57
dashboard,GET,/workDepartment/showEmployee,web/legacy/dashboard/src/api/department.js,internal/server/server.go,git:3dcd216c188df34f2c3ed489b8e8b9473e635488:api-server/app/core/work-department/src/Action/Dashboard/ShowEmployee.php#L54,web/legacy/dashboard/src/views/department/index.vue,git:3dcd216c188df34f2c3ed489b8e8b9473e635488:api-server/app/core/work-department/src/Action/Dashboard/ShowEmployee.php#L54,git:3dcd216c188df34f2c3ed489b8e8b9473e635488:api-server/app/core/work-department/src/Action/Dashboard/ShowEmployee.php#L54
dashboard,GET,/workEmployee/index,web/legacy/dashboard/src/api/workEmployee.js,internal/server/server.go,git:3dcd216c188df34f2c3ed489b8e8b9473e635488:api-server/app/core/work-employee/src/Action/Dashboard/Index.php#L38,web/legacy/dashboard/src/views/workEmployee/index.vue,client:web/legacy/dashboard/src/views/workEmployee/index.vue,git:3dcd216c188df34f2c3ed489b8e8b9473e635488:api-server/app/core/work-employee/src/Action/Dashboard/Index.php#L38
dashboard,GET,/workEmployee/searchCondition,web/legacy/dashboard/src/api/workEmployee.js,internal/server/server.go,git:3dcd216c188df34f2c3ed489b8e8b9473e635488:api-server/app/core/work-employee/src/Action/Dashboard/SearchCondition.php#L34,web/legacy/dashboard/src/views/department/index.vue;web/legacy/dashboard/src/views/workEmployee/index.vue,client:web/legacy/dashboard/src/views/department/index.vue;client:web/legacy/dashboard/src/views/workEmployee/index.vue,git:3dcd216c188df34f2c3ed489b8e8b9473e635488:api-server/app/core/work-employee/src/Action/Dashboard/SearchCondition.php#L34
dashboard,GET,/workEmployeeDepartment/memberIndex,web/legacy/dashboard/src/api/workRoom.js,internal/server/server.go,git:3dcd216c188df34f2c3ed489b8e8b9473e635488:api-server/app/core/work-employee/src/Action/Dashboard/Department/MemberIndex.php#L61,web/legacy/dashboard/src/components/department/index.vue;web/legacy/dashboard/src/views/greeting/components/department.vue;web/legacy/dashboard/src/views/sensitiveWordsMonitor/components/department.vue;web/legacy/dashboard/src/views/workContact/components/department.vue,git:3dcd216c188df34f2c3ed489b8e8b9473e635488:api-server/app/core/work-employee/src/Action/Dashboard/Department/MemberIndex.php#L61,git:3dcd216c188df34f2c3ed489b8e8b9473e635488:api-server/app/core/work-employee/src/Action/Dashboard/Department/MemberIndex.php#L61
dashboard,GET,/workFission/chooseContact,web/legacy/dashboard/src/api/workFission.js,internal/server/server.go,git:3dcd216c188df34f2c3ed489b8e8b9473e635488:api-server/plugin/mochat/work-fission/src/Action/Dashboard/ChooseContact.php#L76,-,git:3dcd216c188df34f2c3ed489b8e8b9473e635488:api-server/plugin/mochat/work-fission/src/Action/Dashboard/ChooseContact.php#L76,git:3dcd216c188df34f2c3ed489b8e8b9473e635488:api-server/plugin/mochat/work-fission/src/Action/Dashboard/ChooseContact.php#L76
dashboard,GET,/workFission/index,web/legacy/dashboard/src/api/workFission.js,internal/server/server.go,git:3dcd216c188df34f2c3ed489b8e8b9473e635488:api-server/plugin/mochat/work-fission/src/Action/Dashboard/Index.php#L50,web/legacy/dashboard/src/views/workFission/dataShow.vue;web/legacy/dashboard/src/views/workFission/index.vue,client:web/legacy/dashboard/src/views/workFission/dataShow.vue;client:web/legacy/dashboard/src/views/workFission/index.vue,git:3dcd216c188df34f2c3ed489b8e8b9473e635488:api-server/plugin/mochat/work-fission/src/Action/Dashboard/Index.php#L50
dashboard,GET,/workFission/info,web/legacy/dashboard/src/api/workFission.js,internal/server/server.go,git:3dcd216c188df34f2c3ed489b8e8b9473e635488:api-server/plugin/mochat/work-fission/src/Action/Dashboard/Info.php#L93,web/legacy/dashboard/src/views/workFission/edit.vue,git:3dcd216c188df34f2c3ed489b8e8b9473e635488:api-server/plugin/mochat/work-fission/src/Action/Dashboard/Info.php#L93,git:3dcd216c188df34f2c3ed489b8e8b9473e635488:api-server/plugin/mochat/work-fission/src/Action/Dashboard/Info.php#L93
dashboard,GET,/workFission/inviteData,web/legacy/dashboard/src/api/workFission.js,internal/server/server.go,git:3dcd216c188df34f2c3ed489b8e8b9473e635488:api-server/plugin/mochat/work-fission/src/Action/Dashboard/InviteData.php#L97,web/legacy/dashboard/src/views/workFission/dataShow.vue,client:web/legacy/dashboard/src/views/workFission/dataShow.vue,git:3dcd216c188df34f2c3ed489b8e8b9473e635488:api-server/plugin/mochat/work-fission/src/Action/Dashboard/InviteData.php#L97
dashboard,GET,/workFission/inviteDetail,web/legacy/dashboard/src/api/workFission.js,internal/server/server.go,git:3dcd216c188df34f2c3ed489b8e8b9473e635488:api-server/plugin/mochat/work-fission/src/Action/Dashboard/InviteDetail.php#L83,web/legacy/dashboard/src/views/workFission/components/inviteDetails.vue,client:web/legacy/dashboard/src/views/workFission/components/inviteDetails.vue,git:3dcd216c188df34f2c3ed489b8e8b9473e635488:api-server/plugin/mochat/work-fission/src/Action/Dashboard/InviteDetail.php#L83
dashboard,GET,/workFission/show,web/legacy/dashboard/src/api/workFission.js,internal/server/server.go,git:3dcd216c188df34f2c3ed489b8e8b9473e635488:api-server/plugin/mochat/work-fission/src/Action/Dashboard/Show.php#L77,web/legacy/dashboard/src/views/workFission/components/details.vue,client:web/legacy/dashboard/src/views/workFission/components/details.vue,git:3dcd216c188df34f2c3ed489b8e8b9473e635488:api-server/plugin/mochat/work-fission/src/Action/Dashboard/Show.php#L77
dashboard,GET,/workFission/statistics,web/legacy/dashboard/src/api/workFission.js,internal/server/server.go,git:3dcd216c188df34f2c3ed489b8e8b9473e635488:api-server/plugin/mochat/work-fission/src/Action/Dashboard/Statistics.php#L70,web/legacy/dashboard/src/views/workFission/dataShow.vue,client:web/legacy/dashboard/src/views/workFission/dataShow.vue,git:3dcd216c188df34f2c3ed489b8e8b9473e635488:api-server/plugin/mochat/work-fission/src/Action/Dashboard/Statistics.php#L70
dashboard,GET,/workMessage/fromUsers,web/legacy/dashboard/src/api/workMessage.js,internal/server/server.go,-,-,internal/server/server.go,internal/server/server.go
dashboard,GET,/workMessage/index,web/legacy/dashboard/src/api/autoTag.js;web/legacy/dashboard/src/api/contactTransfer.js;web/legacy/dashboard/src/api/roomQuality.js;web/legacy/dashboard/src/api/workMessage.js,internal/server/server.go,-,web/legacy/dashboard/src/views/autoTag/keywordShow.vue,client:web/legacy/dashboard/src/views/autoTag/keywordShow.vue,internal/server/server.go
dashboard,GET,/workMessage/toUsers,web/legacy/dashboard/src/api/autoTag.js;web/legacy/dashboard/src/api/workMessage.js,internal/server/server.go,-,-,internal/server/server.go,internal/server/server.go
dashboard,GET,/workMessageConfig/corpIndex,web/legacy/dashboard/src/api/workMessageConfig.js,internal/server/server.go,-,-,internal/server/server.go,internal/server/server.go
dashboard,GET,/workMessageConfig/corpShow,web/legacy/dashboard/src/api/workMessageConfig.js,internal/server/server.go,-,-,internal/server/server.go,internal/server/server.go
dashboard,GET,/workMessageConfig/stepCreate,web/legacy/dashboard/src/api/workMessage.js,internal/server/server.go,-,-,internal/server/server.go,internal/server/server.go
dashboard,GET,/workRoom/index,web/legacy/dashboard/src/api/workRoom.js,internal/server/server.go,git:3dcd216c188df34f2c3ed489b8e8b9473e635488:api-server/app/core/work-room/src/Action/Dashboard/Index.php#L41,web/legacy/dashboard/src/views/workRoom/index.vue,client:web/legacy/dashboard/src/views/workRoom/index.vue,git:3dcd216c188df34f2c3ed489b8e8b9473e635488:api-server/app/core/work-room/src/Action/Dashboard/Index.php#L41
dashboard,GET,/workRoom/roomIndex,web/legacy/dashboard/src/api/workContact.js;web/legacy/dashboard/src/api/workRoom.js,internal/server/server.go,git:3dcd216c188df34f2c3ed489b8e8b9473e635488:api-server/app/core/work-room/src/Action/Dashboard/RoomIndex.php#L50,web/legacy/dashboard/src/views/workContact/index.vue;web/legacy/dashboard/src/views/workRoomAutoPull/store.vue,client:web/legacy/dashboard/src/views/workContact/index.vue;client:web/legacy/dashboard/src/views/workRoomAutoPull/store.vue;git:3dcd216c188df34f2c3ed489b8e8b9473e635488:api-server/app/core/work-room/src/Action/Dashboard/RoomIndex.php#L50,git:3dcd216c188df34f2c3ed489b8e8b9473e635488:api-server/app/core/work-room/src/Action/Dashboard/RoomIndex.php#L50
dashboard,GET,/workRoom/statistics,web/legacy/dashboard/src/api/workRoom.js,internal/server/server.go,git:3dcd216c188df34f2c3ed489b8e8b9473e635488:api-server/app/core/work-room/src/Action/Dashboard/Statistics.php#L51,web/legacy/dashboard/src/views/workRoom/detail.vue;web/legacy/dashboard/src/views/workRoom/statistics.vue,client:web/legacy/dashboard/src/views/workRoom/detail.vue;client:web/legacy/dashboard/src/views/workRoom/statistics.vue,git:3dcd216c188df34f2c3ed489b8e8b9473e635488:api-server/app/core/work-room/src/Action/Dashboard/Statistics.php#L51
dashboard,GET,/workRoom/statisticsIndex,web/legacy/dashboard/src/api/workRoom.js,internal/server/server.go,git:3dcd216c188df34f2c3ed489b8e8b9473e635488:api-server/app/core/work-room/src/Action/Dashboard/StatisticsIndex.php#L51,web/legacy/dashboard/src/views/workRoom/detail.vue;web/legacy/dashboard/src/views/workRoom/statistics.vue,git:3dcd216c188df34f2c3ed489b8e8b9473e635488:api-server/app/core/work-room/src/Action/Dashboard/StatisticsIndex.php#L51,git:3dcd216c188df34f2c3ed489b8e8b9473e635488:api-server/app/core/work-room/src/Action/Dashboard/StatisticsIndex.php#L51
dashboard,GET,/workRoomAutoPull/index,web/legacy/dashboard/src/api/shopCode.js;web/legacy/dashboard/src/api/workRoom.js,internal/server/server.go,git:3dcd216c188df34f2c3ed489b8e8b9473e635488:api-server/plugin/mochat/room-auto-pull/src/Action/Dashboard/Index.php#L41,web/legacy/dashboard/src/views/workRoomAutoPull/index.vue,git:3dcd216c188df34f2c3ed489b8e8b9473e635488:api-server/plugin/mochat/room-auto-pull/src/Action/Dashboard/Index.php#L41,git:3dcd216c188df34f2c3ed489b8e8b9473e635488:api-server/plugin/mochat/room-auto-pull/src/Action/Dashboard/Index.php#L41
dashboard,GET,/workRoomAutoPull/show,web/legacy/dashboard/src/api/workRoom.js,internal/server/server.go,git:3dcd216c188df34f2c3ed489b8e8b9473e635488:api-server/plugin/mochat/room-auto-pull/src/Action/Dashboard/Show.php#L41,web/legacy/dashboard/src/views/workRoomAutoPull/index.vue;web/legacy/dashboard/src/views/workRoomAutoPull/store.vue,client:web/legacy/dashboard/src/views/workRoomAutoPull/index.vue;client:web/legacy/dashboard/src/views/workRoomAutoPull/store.vue,git:3dcd216c188df34f2c3ed489b8e8b9473e635488:api-server/plugin/mochat/room-auto-pull/src/Action/Dashboard/Show.php#L41
dashboard,GET,/workRoomGroup/index,web/legacy/dashboard/src/api/workRoom.js,internal/server/server.go,git:3dcd216c188df34f2c3ed489b8e8b9473e635488:api-server/app/core/work-room/src/Action/Dashboard/Group/Index.php#L43,web/legacy/dashboard/src/views/workRoom/index.vue;web/legacy/dashboard/src/views/workRoomAutoPull/store.vue,client:web/legacy/dashboard/src/views/workRoom/index.vue;client:web/legacy/dashboard/src/views/workRoomAutoPull/store.vue,git:3dcd216c188df34f2c3ed489b8e8b9473e635488:api-server/app/core/work-room/src/Action/Dashboard/Group/Index.php#L43
dashboard,GET,lottery/showContact,web/legacy/dashboard/src/api/lottery.js,internal/server/server.go,-,-,internal/server/server.go,internal/server/server.go
dashboard,GET,menu/iconIndex,web/legacy/dashboard/src/api/menu.js,internal/server/server.go,git:3dcd216c188df34f2c3ed489b8e8b9473e635488:api-server/app/core/rbac/src/Action/Dashboard/Menu/IconIndex.php#L43,web/legacy/dashboard/src/views/menu/index.vue,git:3dcd216c188df34f2c3ed489b8e8b9473e635488:api-server/app/core/rbac/src/Action/Dashboard/Menu/IconIndex.php#L43,git:3dcd216c188df34f2c3ed489b8e8b9473e635488:api-server/app/core/rbac/src/Action/Dashboard/Menu/IconIndex.php#L43
dashboard,GET,menu/index,web/legacy/dashboard/src/api/menu.js,internal/server/server.go,git:3dcd216c188df34f2c3ed489b8e8b9473e635488:api-server/app/core/rbac/src/Action/Dashboard/Menu/Index.php#L45,web/legacy/dashboard/src/views/menu/index.vue,git:3dcd216c188df34f2c3ed489b8e8b9473e635488:api-server/app/core/rbac/src/Action/Dashboard/Menu/Index.php#L45,git:3dcd216c188df34f2c3ed489b8e8b9473e635488:api-server/app/core/rbac/src/Action/Dashboard/Menu/Index.php#L45
dashboard,GET,menu/select,web/legacy/dashboard/src/api/menu.js,internal/server/server.go,git:3dcd216c188df34f2c3ed489b8e8b9473e635488:api-server/app/core/rbac/src/Action/Dashboard/Menu/Select.php#L43,web/legacy/dashboard/src/views/menu/index.vue,git:3dcd216c188df34f2c3ed489b8e8b9473e635488:api-server/app/core/rbac/src/Action/Dashboard/Menu/Select.php#L43,git:3dcd216c188df34f2c3ed489b8e8b9473e635488:api-server/app/core/rbac/src/Action/Dashboard/Menu/Select.php#L43
dashboard,GET,menu/show,web/legacy/dashboard/src/api/menu.js,internal/server/server.go,git:3dcd216c188df34f2c3ed489b8e8b9473e635488:api-server/app/core/rbac/src/Action/Dashboard/Menu/Show.php#L46,web/legacy/dashboard/src/views/menu/index.vue,git:3dcd216c188df34f2c3ed489b8e8b9473e635488:api-server/app/core/rbac/src/Action/Dashboard/Menu/Show.php#L46,git:3dcd216c188df34f2c3ed489b8e8b9473e635488:api-server/app/core/rbac/src/Action/Dashboard/Menu/Show.php#L46
dashboard,GET,roomMessageBatchSend/remind,web/legacy/dashboard/src/api/roomMessageBatchSend.js,internal/server/server.go,git:3dcd216c188df34f2c3ed489b8e8b9473e635488:api-server/plugin/mochat/room-message-batch-send/src/Action/Dashboard/Remind.php#L43,web/legacy/dashboard/src/views/roomMessageBatchSend/index.vue;web/legacy/dashboard/src/views/roomMessageBatchSend/show.vue,git:3dcd216c188df34f2c3ed489b8e8b9473e635488:api-server/plugin/mochat/room-message-batch-send/src/Action/Dashboard/Remind.php#L43,git:3dcd216c188df34f2c3ed489b8e8b9473e635488:api-server/plugin/mochat/room-message-batch-send/src/Action/Dashboard/Remind.php#L43
dashboard,GET,roomMessageBatchSend/roomOwnerSendIndex,web/legacy/dashboard/src/api/roomMessageBatchSend.js,internal/server/server.go,git:3dcd216c188df34f2c3ed489b8e8b9473e635488:api-server/plugin/mochat/room-message-batch-send/src/Action/Dashboard/RoomOwnerSendIndex.php#L43,web/legacy/dashboard/src/views/roomMessageBatchSend/show.vue,client:web/legacy/dashboard/src/views/roomMessageBatchSend/show.vue,git:3dcd216c188df34f2c3ed489b8e8b9473e635488:api-server/plugin/mochat/room-message-batch-send/src/Action/Dashboard/RoomOwnerSendIndex.php#L43
dashboard,GET,roomMessageBatchSend/roomReceiveIndex,web/legacy/dashboard/src/api/roomMessageBatchSend.js,internal/server/server.go,git:3dcd216c188df34f2c3ed489b8e8b9473e635488:api-server/plugin/mochat/room-message-batch-send/src/Action/Dashboard/RoomReceiveIndex.php#L43,web/legacy/dashboard/src/views/roomMessageBatchSend/show.vue,client:web/legacy/dashboard/src/views/roomMessageBatchSend/show.vue,git:3dcd216c188df34f2c3ed489b8e8b9473e635488:api-server/plugin/mochat/room-message-batch-send/src/Action/Dashboard/RoomReceiveIndex.php#L43
dashboard,GET,roomMessageBatchSend/show,web/legacy/dashboard/src/api/roomMessageBatchSend.js,internal/server/server.go,git:3dcd216c188df34f2c3ed489b8e8b9473e635488:api-server/plugin/mochat/room-message-batch-send/src/Action/Dashboard/Show.php#L43,web/legacy/dashboard/src/views/roomMessageBatchSend/show.vue,git:3dcd216c188df34f2c3ed489b8e8b9473e635488:api-server/plugin/mochat/room-message-batch-send/src/Action/Dashboard/Show.php#L43,git:3dcd216c188df34f2c3ed489b8e8b9473e635488:api-server/plugin/mochat/room-message-batch-send/src/Action/Dashboard/Show.php#L43
dashboard,GET,workContactTag/contactTagList,web/legacy/dashboard/src/api/roomClockIn.js;web/legacy/dashboard/src/api/roomFission.js,internal/server/server.go,git:3dcd216c188df34f2c3ed489b8e8b9473e635488:api-server/app/core/work-contact/src/Action/Dashboard/Tag/ContactTagList.php#L62,web/legacy/dashboard/src/components/addlabel/index.vue;web/legacy/dashboard/src/components/addlabel/selectTags.vue;web/legacy/dashboard/src/views/roomFission/components/create/step/step4.vue,git:3dcd216c188df34f2c3ed489b8e8b9473e635488:api-server/app/core/work-contact/src/Action/Dashboard/Tag/ContactTagList.php#L62,git:3dcd216c188df34f2c3ed489b8e8b9473e635488:api-server/app/core/work-contact/src/Action/Dashboard/Tag/ContactTagList.php#L62
dashboard,GET,workMessage/index,web/legacy/dashboard/src/api/autoTag.js;web/legacy/dashboard/src/api/contactTransfer.js;web/legacy/dashboard/src/api/roomQuality.js;web/legacy/dashboard/src/api/workMessage.js,internal/server/server.go,-,web/legacy/dashboard/src/views/autoTag/keywordShow.vue,client:web/legacy/dashboard/src/views/autoTag/keywordShow.vue,internal/server/server.go
dashboard,GET,workRoomAutoPull/index,web/legacy/dashboard/src/api/shopCode.js;web/legacy/dashboard/src/api/workRoom.js,internal/server/server.go,git:3dcd216c188df34f2c3ed489b8e8b9473e635488:api-server/plugin/mochat/room-auto-pull/src/Action/Dashboard/Index.php#L41,web/legacy/dashboard/src/views/workRoomAutoPull/index.vue,git:3dcd216c188df34f2c3ed489b8e8b9473e635488:api-server/plugin/mochat/room-auto-pull/src/Action/Dashboard/Index.php#L41,git:3dcd216c188df34f2c3ed489b8e8b9473e635488:api-server/plugin/mochat/room-auto-pull/src/Action/Dashboard/Index.php#L41
dashboard,POST,/agent/store,web/legacy/dashboard/src/api/chatTool.js,internal/server/server.go,git:3dcd216c188df34f2c3ed489b8e8b9473e635488:api-server/app/core/work-agent/src/Action/Dashboard/Store.php#L50,web/legacy/dashboard/src/views/chatTool/customer.vue;web/legacy/dashboard/src/views/chatTool/enhance.vue,git:3dcd216c188df34f2c3ed489b8e8b9473e635488:api-server/app/core/work-agent/src/Action/Dashboard/Store.php#L50,git:3dcd216c188df34f2c3ed489b8e8b9473e635488:api-server/app/core/work-agent/src/Action/Dashboard/Store.php#L50
dashboard,POST,/autoTag/store,web/legacy/dashboard/src/api/autoTag.js,internal/server/server.go,-,web/legacy/dashboard/src/views/autoTag/dayPartCreate.vue;web/legacy/dashboard/src/views/autoTag/joinRoomCreate.vue;web/legacy/dashboard/src/views/autoTag/keywordCreate.vue,internal/server/server.go,internal/server/server.go
dashboard,POST,/channelCode/store,web/legacy/dashboard/src/api/channelCode.js,internal/server/server.go,git:3dcd216c188df34f2c3ed489b8e8b9473e635488:api-server/plugin/mochat/channel-code/src/Action/Dashboard/Store.php#L44,web/legacy/dashboard/src/views/channelCode/store.vue,git:3dcd216c188df34f2c3ed489b8e8b9473e635488:api-server/plugin/mochat/channel-code/src/Action/Dashboard/Store.php#L44,git:3dcd216c188df34f2c3ed489b8e8b9473e635488:api-server/plugin/mochat/channel-code/src/Action/Dashboard/Store.php#L44
dashboard,POST,/channelCodeGroup/store,web/legacy/dashboard/src/api/channelCode.js,internal/server/server.go,git:3dcd216c188df34f2c3ed489b8e8b9473e635488:api-server/plugin/mochat/channel-code/src/Action/Dashboard/Group/Store.php#L45,web/legacy/dashboard/src/views/channelCode/index.vue,git:3dcd216c188df34f2c3ed489b8e8b9473e635488:api-server/plugin/mochat/channel-code/src/Action/Dashboard/Group/Store.php#L45,git:3dcd216c188df34f2c3ed489b8e8b9473e635488:api-server/plugin/mochat/channel-code/src/Action/Dashboard/Group/Store.php#L45
dashboard,POST,/common/upload,web/legacy/dashboard/src/api/mediumGroup.js,internal/server/server.go,git:3dcd216c188df34f2c3ed489b8e8b9473e635488:api-server/app/core/common/src/Action/Dashboard/Upload.php#L37,-,git:3dcd216c188df34f2c3ed489b8e8b9473e635488:api-server/app/core/common/src/Action/Dashboard/Upload.php#L37,git:3dcd216c188df34f2c3ed489b8e8b9473e635488:api-server/app/core/common/src/Action/Dashboard/Upload.php#L37
dashboard,POST,/contactBatchAdd/allot,web/legacy/dashboard/src/api/contactBatchAdd.js,internal/server/server.go,-,-,internal/server/server.go,internal/server/server.go
dashboard,POST,/contactBatchAdd/importStore,web/legacy/dashboard/src/api/contactBatchAdd.js,internal/server/server.go,-,-,internal/server/server.go,internal/server/server.go
dashboard,POST,/contactBatchAdd/settingUpdate,web/legacy/dashboard/src/api/contactBatchAdd.js,internal/server/server.go,-,-,internal/server/server.go,internal/server/server.go
dashboard,POST,/contactField/store,web/legacy/dashboard/src/api/contactField.js,internal/server/server.go,git:3dcd216c188df34f2c3ed489b8e8b9473e635488:api-server/app/core/work-contact/src/Action/Dashboard/Field/Store.php#L41,web/legacy/dashboard/src/views/contactField/index.vue,git:3dcd216c188df34f2c3ed489b8e8b9473e635488:api-server/app/core/work-contact/src/Action/Dashboard/Field/Store.php#L41,git:3dcd216c188df34f2c3ed489b8e8b9473e635488:api-server/app/core/work-contact/src/Action/Dashboard/Field/Store.php#L41
dashboard,POST,/contactMessageBatchSend/remind,web/legacy/dashboard/src/api/contactMessageBatchSend.js,internal/server/server.go,git:3dcd216c188df34f2c3ed489b8e8b9473e635488:api-server/plugin/mochat/contact-message-batch-send/src/Action/Dashboard/Remind.php#L43,web/legacy/dashboard/src/views/contactMessageBatchSend/index.vue;web/legacy/dashboard/src/views/contactMessageBatchSend/show.vue,git:3dcd216c188df34f2c3ed489b8e8b9473e635488:api-server/plugin/mochat/contact-message-batch-send/src/Action/Dashboard/Remind.php#L43,git:3dcd216c188df34f2c3ed489b8e8b9473e635488:api-server/plugin/mochat/contact-message-batch-send/src/Action/Dashboard/Remind.php#L43
dashboard,POST,/contactMessageBatchSend/store,web/legacy/dashboard/src/api/contactMessageBatchSend.js,internal/server/server.go,git:3dcd216c188df34f2c3ed489b8e8b9473e635488:api-server/plugin/mochat/contact-message-batch-send/src/Action/Dashboard/Store.php#L45,web/legacy/dashboard/src/views/contactMessageBatchSend/store.vue,git:3dcd216c188df34f2c3ed489b8e8b9473e635488:api-server/plugin/mochat/contact-message-batch-send/src/Action/Dashboard/Store.php#L45,git:3dcd216c188df34f2c3ed489b8e8b9473e635488:api-server/plugin/mochat/contact-message-batch-send/src/Action/Dashboard/Store.php#L45
dashboard,POST,/contactSop/store,web/legacy/dashboard/src/api/contactSop.js,internal/server/server.go,-,-,internal/server/server.go,internal/server/server.go
dashboard,POST,/contactTransfer/index,web/legacy/dashboard/src/api/contactTransfer.js,internal/server/server.go,git:3dcd216c188df34f2c3ed489b8e8b9473e635488:api-server/plugin/mochat/contact-transfer/src/Action/Dashboard/Index.php#L53,web/legacy/dashboard/src/views/contactTransfer/resignIndex.vue;web/legacy/dashboard/src/views/contactTransfer/workIndex.vue,git:3dcd216c188df34f2c3ed489b8e8b9473e635488:api-server/plugin/mochat/contact-transfer/src/Action/Dashboard/Index.php#L53,git:3dcd216c188df34f2c3ed489b8e8b9473e635488:api-server/plugin/mochat/contact-transfer/src/Action/Dashboard/Index.php#L53
dashboard,POST,/contactTransfer/room,web/legacy/dashboard/src/api/contactTransfer.js,internal/server/server.go,git:3dcd216c188df34f2c3ed489b8e8b9473e635488:api-server/plugin/mochat/contact-transfer/src/Action/Dashboard/TransferRoom.php#L74,web/legacy/dashboard/src/views/contactTransfer/resignIndex.vue,git:3dcd216c188df34f2c3ed489b8e8b9473e635488:api-server/plugin/mochat/contact-transfer/src/Action/Dashboard/TransferRoom.php#L74,git:3dcd216c188df34f2c3ed489b8e8b9473e635488:api-server/plugin/mochat/contact-transfer/src/Action/Dashboard/TransferRoom.php#L74
dashboard,POST,/corp/bind,web/legacy/dashboard/src/api/login.js,internal/server/server.go,git:3dcd216c188df34f2c3ed489b8e8b9473e635488:api-server/app/core/corp/src/Action/Dashboard/Bind.php#L46,web/legacy/dashboard/src/components/GlobalHeader/AvatarDropdown.vue;web/legacy/dashboard/src/components/GlobalHeader/RightContent.vue,git:3dcd216c188df34f2c3ed489b8e8b9473e635488:api-server/app/core/corp/src/Action/Dashboard/Bind.php#L46,git:3dcd216c188df34f2c3ed489b8e8b9473e635488:api-server/app/core/corp/src/Action/Dashboard/Bind.php#L46
dashboard,POST,/corp/store,web/legacy/dashboard/src/api/corp.js,internal/server/server.go,git:3dcd216c188df34f2c3ed489b8e8b9473e635488:api-server/app/core/corp/src/Action/Dashboard/Store.php#L70,web/legacy/dashboard/src/views/corp/index.vue,git:3dcd216c188df34f2c3ed489b8e8b9473e635488:api-server/app/core/corp/src/Action/Dashboard/Store.php#L70,git:3dcd216c188df34f2c3ed489b8e8b9473e635488:api-server/app/core/corp/src/Action/Dashboard/Store.php#L70
dashboard,POST,/greeting/store,web/legacy/dashboard/src/api/greeting.js,internal/server/server.go,git:3dcd216c188df34f2c3ed489b8e8b9473e635488:api-server/plugin/mochat/greeting/src/Action/Dashboard/Store.php#L59,web/legacy/dashboard/src/views/greeting/store.vue,git:3dcd216c188df34f2c3ed489b8e8b9473e635488:api-server/plugin/mochat/greeting/src/Action/Dashboard/Store.php#L59,git:3dcd216c188df34f2c3ed489b8e8b9473e635488:api-server/plugin/mochat/greeting/src/Action/Dashboard/Store.php#L59
dashboard,POST,/medium/store,web/legacy/dashboard/src/api/mediumGroup.js,internal/server/server.go,git:3dcd216c188df34f2c3ed489b8e8b9473e635488:api-server/app/core/medium/src/Action/Dashboard/Store.php#L40,web/legacy/dashboard/src/views/channelCode/store.vue;web/legacy/dashboard/src/views/greeting/store.vue;web/legacy/dashboard/src/views/mediumGroup/index.vue,client:web/legacy/dashboard/src/views/channelCode/store.vue;client:web/legacy/dashboard/src/views/greeting/store.vue;client:web/legacy/dashboard/src/views/mediumGroup/index.vue;git:3dcd216c188df34f2c3ed489b8e8b9473e635488:api-server/app/core/medium/src/Action/Dashboard/Store.php#L40,git:3dcd216c188df34f2c3ed489b8e8b9473e635488:api-server/app/core/medium/src/Action/Dashboard/Store.php#L40
dashboard,POST,/mediumGroup/store,web/legacy/dashboard/src/api/mediumGroup.js,internal/server/server.go,git:3dcd216c188df34f2c3ed489b8e8b9473e635488:api-server/app/core/medium/src/Action/Dashboard/Group/Store.php#L38,web/legacy/dashboard/src/views/mediumGroup/index.vue,git:3dcd216c188df34f2c3ed489b8e8b9473e635488:api-server/app/core/medium/src/Action/Dashboard/Group/Store.php#L38,git:3dcd216c188df34f2c3ed489b8e8b9473e635488:api-server/app/core/medium/src/Action/Dashboard/Group/Store.php#L38
dashboard,POST,/radar/store,web/legacy/dashboard/src/api/radar.js,internal/server/server.go,-,-,internal/server/server.go,internal/server/server.go
dashboard,POST,/radar/storeChannel,web/legacy/dashboard/src/api/radar.js,internal/server/server.go,-,web/legacy/dashboard/src/views/radar/components/share.vue,internal/server/server.go,internal/server/server.go
dashboard,POST,/radar/storeChannelLink,web/legacy/dashboard/src/api/radar.js,internal/server/server.go,-,web/legacy/dashboard/src/views/radar/components/share.vue,internal/server/server.go,internal/server/server.go
dashboard,POST,/role/permissionStore,web/legacy/dashboard/src/api/role.js,internal/server/server.go,git:3dcd216c188df34f2c3ed489b8e8b9473e635488:api-server/app/core/rbac/src/Action/Dashboard/Role/PermissionStore.php#L35,web/legacy/dashboard/src/views/role/permissionShow.vue,git:3dcd216c188df34f2c3ed489b8e8b9473e635488:api-server/app/core/rbac/src/Action/Dashboard/Role/PermissionStore.php#L35,git:3dcd216c188df34f2c3ed489b8e8b9473e635488:api-server/app/core/rbac/src/Action/Dashboard/Role/PermissionStore.php#L35
dashboard,POST,/role/store,web/legacy/dashboard/src/api/role.js,internal/server/server.go,git:3dcd216c188df34f2c3ed489b8e8b9473e635488:api-server/app/core/rbac/src/Action/Dashboard/Role/Store.php#L54,web/legacy/dashboard/src/views/role/index.vue,git:3dcd216c188df34f2c3ed489b8e8b9473e635488:api-server/app/core/rbac/src/Action/Dashboard/Role/Store.php#L54,git:3dcd216c188df34f2c3ed489b8e8b9473e635488:api-server/app/core/rbac/src/Action/Dashboard/Role/Store.php#L54
dashboard,POST,/roomCalendar/addRoom,web/legacy/dashboard/src/api/roomCalendar.js,internal/server/server.go,-,-,internal/server/server.go,internal/server/server.go
dashboard,POST,/roomCalendar/store,web/legacy/dashboard/src/api/roomCalendar.js,internal/server/server.go,-,-,internal/server/server.go,internal/server/server.go
dashboard,POST,/roomClockIn/store,web/legacy/dashboard/src/api/roomClockIn.js,internal/server/server.go,-,-,internal/server/server.go,internal/server/server.go
dashboard,POST,/roomFission/invite,web/legacy/dashboard/src/api/roomFission.js,internal/server/server.go,-,-,internal/server/server.go,internal/server/server.go
dashboard,POST,/roomFission/store,web/legacy/dashboard/src/api/roomFission.js,internal/server/server.go,-,-,internal/server/server.go,internal/server/server.go
dashboard,POST,/roomInfinitePull/store,web/legacy/dashboard/src/api/roomInfinitePull.js,internal/server/server.go,-,-,internal/server/server.go,internal/server/server.go
dashboard,POST,/roomMessageBatchSend/store,web/legacy/dashboard/src/api/roomMessageBatchSend.js,internal/server/server.go,git:3dcd216c188df34f2c3ed489b8e8b9473e635488:api-server/plugin/mochat/room-message-batch-send/src/Action/Dashboard/Store.php#L47,web/legacy/dashboard/src/views/roomMessageBatchSend/store.vue,git:3dcd216c188df34f2c3ed489b8e8b9473e635488:api-server/plugin/mochat/room-message-batch-send/src/Action/Dashboard/Store.php#L47,git:3dcd216c188df34f2c3ed489b8e8b9473e635488:api-server/plugin/mochat/room-message-batch-send/src/Action/Dashboard/Store.php#L47
dashboard,POST,/roomQuality/store,web/legacy/dashboard/src/api/roomQuality.js,internal/server/server.go,-,-,internal/server/server.go,internal/server/server.go
dashboard,POST,/roomRemind/store,web/legacy/dashboard/src/api/roomRemind.js,internal/server/server.go,-,-,internal/server/server.go,internal/server/server.go
dashboard,POST,/roomSop/store,web/legacy/dashboard/src/api/roomSop.js,internal/server/server.go,-,-,internal/server/server.go,internal/server/server.go
dashboard,POST,/roomTagPull/filterContact,web/legacy/dashboard/src/api/workRoom.js,internal/server/server.go,git:3dcd216c188df34f2c3ed489b8e8b9473e635488:api-server/plugin/mochat/room-tag-pull/src/Action/Dashboard/FilterContact.php#L72,web/legacy/dashboard/src/views/roomTagPull/create.vue,git:3dcd216c188df34f2c3ed489b8e8b9473e635488:api-server/plugin/mochat/room-tag-pull/src/Action/Dashboard/FilterContact.php#L72,git:3dcd216c188df34f2c3ed489b8e8b9473e635488:api-server/plugin/mochat/room-tag-pull/src/Action/Dashboard/FilterContact.php#L72
dashboard,POST,/roomTagPull/store,web/legacy/dashboard/src/api/workRoom.js,internal/server/server.go,git:3dcd216c188df34f2c3ed489b8e8b9473e635488:api-server/plugin/mochat/room-tag-pull/src/Action/Dashboard/Store.php#L45,web/legacy/dashboard/src/views/roomTagPull/create.vue,git:3dcd216c188df34f2c3ed489b8e8b9473e635488:api-server/plugin/mochat/room-tag-pull/src/Action/Dashboard/Store.php#L45,git:3dcd216c188df34f2c3ed489b8e8b9473e635488:api-server/plugin/mochat/room-tag-pull/src/Action/Dashboard/Store.php#L45
dashboard,POST,/roomWelcome/store,web/legacy/dashboard/src/api/roomWelcome.js,internal/server/server.go,git:3dcd216c188df34f2c3ed489b8e8b9473e635488:api-server/plugin/mochat/room-welcome/src/Action/Dashboard/Store.php#L47,web/legacy/dashboard/src/views/roomWelcome/create.vue,git:3dcd216c188df34f2c3ed489b8e8b9473e635488:api-server/plugin/mochat/room-welcome/src/Action/Dashboard/Store.php#L47,git:3dcd216c188df34f2c3ed489b8e8b9473e635488:api-server/plugin/mochat/room-welcome/src/Action/Dashboard/Store.php#L47
dashboard,POST,/sensitiveWord/store,web/legacy/dashboard/src/api/sensitiveWords.js,internal/server/server.go,-,-,internal/server/server.go,internal/server/server.go
dashboard,POST,/sensitiveWordGroup/store,web/legacy/dashboard/src/api/sensitiveWords.js,internal/server/server.go,-,-,internal/server/server.go,internal/server/server.go
dashboard,POST,/shopCode/pageSet,web/legacy/dashboard/src/api/shopCode.js,internal/server/server.go,-,-,internal/server/server.go,internal/server/server.go
dashboard,POST,/shopCode/store,web/legacy/dashboard/src/api/shopCode.js,internal/server/server.go,-,-,internal/server/server.go,internal/server/server.go
dashboard,POST,/shopCode/updateEmployee,web/legacy/dashboard/src/api/shopCode.js,internal/server/server.go,-,-,internal/server/server.go,internal/server/server.go
dashboard,POST,/shopCode/updateQrcode,web/legacy/dashboard/src/api/shopCode.js,internal/server/server.go,-,-,internal/server/server.go,internal/server/server.go
dashboard,POST,/user/auth,web/legacy/dashboard/src/api/login.js,internal/server/server.go,git:3dcd216c188df34f2c3ed489b8e8b9473e635488:api-server/app/core/user/src/Action/Dashboard/Auth.php#L46,web/legacy/dashboard/src/store/modules/user.js,git:3dcd216c188df34f2c3ed489b8e8b9473e635488:api-server/app/core/user/src/Action/Dashboard/Auth.php#L46,git:3dcd216c188df34f2c3ed489b8e8b9473e635488:api-server/app/core/user/src/Action/Dashboard/Auth.php#L46
dashboard,POST,/user/store,web/legacy/dashboard/src/api/user.js,internal/server/server.go,git:3dcd216c188df34f2c3ed489b8e8b9473e635488:api-server/app/core/user/src/Action/Dashboard/Store.php#L41,web/legacy/dashboard/src/views/user/index.vue,git:3dcd216c188df34f2c3ed489b8e8b9473e635488:api-server/app/core/user/src/Action/Dashboard/Store.php#L41,git:3dcd216c188df34f2c3ed489b8e8b9473e635488:api-server/app/core/user/src/Action/Dashboard/Store.php#L41
dashboard,POST,/workContact/batchLabeling,web/legacy/dashboard/src/api/workContact.js,internal/server/server.go,git:3dcd216c188df34f2c3ed489b8e8b9473e635488:api-server/app/core/work-contact/src/Action/Dashboard/BatchLabeling.php#L45,-,git:3dcd216c188df34f2c3ed489b8e8b9473e635488:api-server/app/core/work-contact/src/Action/Dashboard/BatchLabeling.php#L45,git:3dcd216c188df34f2c3ed489b8e8b9473e635488:api-server/app/core/work-contact/src/Action/Dashboard/BatchLabeling.php#L45
dashboard,POST,/workContactTag/store,web/legacy/dashboard/src/api/roomClockIn.js;web/legacy/dashboard/src/api/workContactTag.js;web/legacy/dashboard/src/api/workRoom.js,internal/server/server.go,git:3dcd216c188df34f2c3ed489b8e8b9473e635488:api-server/app/core/work-contact/src/Action/Dashboard/Tag/Store.php#L43,web/legacy/dashboard/src/components/addlabel/index.vue;web/legacy/dashboard/src/views/channelCode/store.vue;web/legacy/dashboard/src/views/workContactTag/index.vue;web/legacy/dashboard/src/views/workRoomAutoPull/store.vue,git:3dcd216c188df34f2c3ed489b8e8b9473e635488:api-server/app/core/work-contact/src/Action/Dashboard/Tag/Store.php#L43,git:3dcd216c188df34f2c3ed489b8e8b9473e635488:api-server/app/core/work-contact/src/Action/Dashboard/Tag/Store.php#L43
dashboard,POST,/workContactTagGroup/store,web/legacy/dashboard/src/api/roomClockIn.js;web/legacy/dashboard/src/api/workContactTag.js,internal/server/server.go,git:3dcd216c188df34f2c3ed489b8e8b9473e635488:api-server/app/core/work-contact/src/Action/Dashboard/TagGroup/Store.php#L45,web/legacy/dashboard/src/components/addlabel/index.vue;web/legacy/dashboard/src/views/channelCode/store.vue;web/legacy/dashboard/src/views/workContactTag/index.vue,git:3dcd216c188df34f2c3ed489b8e8b9473e635488:api-server/app/core/work-contact/src/Action/Dashboard/TagGroup/Store.php#L45,git:3dcd216c188df34f2c3ed489b8e8b9473e635488:api-server/app/core/work-contact/src/Action/Dashboard/TagGroup/Store.php#L45
dashboard,POST,/workFission/invite,web/legacy/dashboard/src/api/workFission.js,internal/server/server.go,git:3dcd216c188df34f2c3ed489b8e8b9473e635488:api-server/plugin/mochat/work-fission/src/Action/Dashboard/Invite.php#L85,web/legacy/dashboard/src/views/workFission/create.vue;web/legacy/dashboard/src/views/workFission/invite.vue,git:3dcd216c188df34f2c3ed489b8e8b9473e635488:api-server/plugin/mochat/work-fission/src/Action/Dashboard/Invite.php#L85,git:3dcd216c188df34f2c3ed489b8e8b9473e635488:api-server/plugin/mochat/work-fission/src/Action/Dashboard/Invite.php#L85
dashboard,POST,/workFission/store,web/legacy/dashboard/src/api/workFission.js,internal/server/server.go,git:3dcd216c188df34f2c3ed489b8e8b9473e635488:api-server/plugin/mochat/work-fission/src/Action/Dashboard/Store.php#L47,web/legacy/dashboard/src/views/workFission/create.vue,git:3dcd216c188df34f2c3ed489b8e8b9473e635488:api-server/plugin/mochat/work-fission/src/Action/Dashboard/Store.php#L47,git:3dcd216c188df34f2c3ed489b8e8b9473e635488:api-server/plugin/mochat/work-fission/src/Action/Dashboard/Store.php#L47
dashboard,POST,/workMessageConfig/corpStore,web/legacy/dashboard/src/api/workMessage.js;web/legacy/dashboard/src/api/workMessageConfig.js,internal/server/server.go,-,-,internal/server/server.go,internal/server/server.go
dashboard,POST,/workRoomAutoPull/store,web/legacy/dashboard/src/api/workRoom.js,internal/server/server.go,git:3dcd216c188df34f2c3ed489b8e8b9473e635488:api-server/plugin/mochat/room-auto-pull/src/Action/Dashboard/Store.php#L41,web/legacy/dashboard/src/views/workRoomAutoPull/store.vue,git:3dcd216c188df34f2c3ed489b8e8b9473e635488:api-server/plugin/mochat/room-auto-pull/src/Action/Dashboard/Store.php#L41,git:3dcd216c188df34f2c3ed489b8e8b9473e635488:api-server/plugin/mochat/room-auto-pull/src/Action/Dashboard/Store.php#L41
dashboard,POST,/workRoomGroup/store,web/legacy/dashboard/src/api/workRoom.js,internal/server/server.go,git:3dcd216c188df34f2c3ed489b8e8b9473e635488:api-server/app/core/work-room/src/Action/Dashboard/Group/Store.php#L52,web/legacy/dashboard/src/views/workRoom/index.vue,git:3dcd216c188df34f2c3ed489b8e8b9473e635488:api-server/app/core/work-room/src/Action/Dashboard/Group/Store.php#L52,git:3dcd216c188df34f2c3ed489b8e8b9473e635488:api-server/app/core/work-room/src/Action/Dashboard/Group/Store.php#L52
dashboard,POST,lottery/store,web/legacy/dashboard/src/api/lottery.js,internal/server/server.go,-,-,internal/server/server.go,internal/server/server.go
dashboard,POST,menu/store,web/legacy/dashboard/src/api/menu.js,internal/server/server.go,git:3dcd216c188df34f2c3ed489b8e8b9473e635488:api-server/app/core/rbac/src/Action/Dashboard/Menu/Store.php#L47,web/legacy/dashboard/src/views/menu/index.vue,git:3dcd216c188df34f2c3ed489b8e8b9473e635488:api-server/app/core/rbac/src/Action/Dashboard/Menu/Store.php#L47,git:3dcd216c188df34f2c3ed489b8e8b9473e635488:api-server/app/core/rbac/src/Action/Dashboard/Menu/Store.php#L47
dashboard,PUT,/autoTag/onOff,web/legacy/dashboard/src/api/autoTag.js,internal/server/server.go,-,web/legacy/dashboard/src/views/autoTag/dayPartIndex.vue;web/legacy/dashboard/src/views/autoTag/joinRoomIndex.vue;web/legacy/dashboard/src/views/autoTag/keywordIndex.vue,internal/server/server.go,internal/server/server.go
dashboard,PUT,/channelCode/update,web/legacy/dashboard/src/api/channelCode.js,internal/server/server.go,git:3dcd216c188df34f2c3ed489b8e8b9473e635488:api-server/plugin/mochat/channel-code/src/Action/Dashboard/Update.php#L54,web/legacy/dashboard/src/views/channelCode/store.vue,git:3dcd216c188df34f2c3ed489b8e8b9473e635488:api-server/plugin/mochat/channel-code/src/Action/Dashboard/Update.php#L54,git:3dcd216c188df34f2c3ed489b8e8b9473e635488:api-server/plugin/mochat/channel-code/src/Action/Dashboard/Update.php#L54
dashboard,PUT,/channelCodeGroup/move,web/legacy/dashboard/src/api/channelCode.js,internal/server/server.go,git:3dcd216c188df34f2c3ed489b8e8b9473e635488:api-server/plugin/mochat/channel-code/src/Action/Dashboard/Group/Move.php#L45,web/legacy/dashboard/src/views/channelCode/index.vue,git:3dcd216c188df34f2c3ed489b8e8b9473e635488:api-server/plugin/mochat/channel-code/src/Action/Dashboard/Group/Move.php#L45,git:3dcd216c188df34f2c3ed489b8e8b9473e635488:api-server/plugin/mochat/channel-code/src/Action/Dashboard/Group/Move.php#L45
dashboard,PUT,/channelCodeGroup/update,web/legacy/dashboard/src/api/channelCode.js,internal/server/server.go,git:3dcd216c188df34f2c3ed489b8e8b9473e635488:api-server/plugin/mochat/channel-code/src/Action/Dashboard/Group/Update.php#L45,web/legacy/dashboard/src/views/channelCode/index.vue,git:3dcd216c188df34f2c3ed489b8e8b9473e635488:api-server/plugin/mochat/channel-code/src/Action/Dashboard/Group/Update.php#L45,git:3dcd216c188df34f2c3ed489b8e8b9473e635488:api-server/plugin/mochat/channel-code/src/Action/Dashboard/Group/Update.php#L45
dashboard,PUT,/contactField/batchUpdate,web/legacy/dashboard/src/api/contactField.js,internal/server/server.go,git:3dcd216c188df34f2c3ed489b8e8b9473e635488:api-server/app/core/work-contact/src/Action/Dashboard/Field/BatchUpdate.php#L48,web/legacy/dashboard/src/views/contactField/index.vue,git:3dcd216c188df34f2c3ed489b8e8b9473e635488:api-server/app/core/work-contact/src/Action/Dashboard/Field/BatchUpdate.php#L48,git:3dcd216c188df34f2c3ed489b8e8b9473e635488:api-server/app/core/work-contact/src/Action/Dashboard/Field/BatchUpdate.php#L48
dashboard,PUT,/contactField/statusUpdate,web/legacy/dashboard/src/api/contactField.js,internal/server/server.go,git:3dcd216c188df34f2c3ed489b8e8b9473e635488:api-server/app/core/work-contact/src/Action/Dashboard/Field/StatusUpdate.php#L40,web/legacy/dashboard/src/views/contactField/index.vue,git:3dcd216c188df34f2c3ed489b8e8b9473e635488:api-server/app/core/work-contact/src/Action/Dashboard/Field/StatusUpdate.php#L40,git:3dcd216c188df34f2c3ed489b8e8b9473e635488:api-server/app/core/work-contact/src/Action/Dashboard/Field/StatusUpdate.php#L40
dashboard,PUT,/contactField/update,web/legacy/dashboard/src/api/contactField.js,internal/server/server.go,git:3dcd216c188df34f2c3ed489b8e8b9473e635488:api-server/app/core/work-contact/src/Action/Dashboard/Field/Update.php#L49,web/legacy/dashboard/src/views/contactField/index.vue,git:3dcd216c188df34f2c3ed489b8e8b9473e635488:api-server/app/core/work-contact/src/Action/Dashboard/Field/Update.php#L49,git:3dcd216c188df34f2c3ed489b8e8b9473e635488:api-server/app/core/work-contact/src/Action/Dashboard/Field/Update.php#L49
dashboard,PUT,/contactFieldPivot/update,web/legacy/dashboard/src/api/workContact.js,internal/server/server.go,git:3dcd216c188df34f2c3ed489b8e8b9473e635488:api-server/app/core/work-contact/src/Action/Dashboard/FieldPivot/Update.php#L43,web/legacy/dashboard/src/views/workContact/contactFieldPivot.vue,git:3dcd216c188df34f2c3ed489b8e8b9473e635488:api-server/app/core/work-contact/src/Action/Dashboard/FieldPivot/Update.php#L43,git:3dcd216c188df34f2c3ed489b8e8b9473e635488:api-server/app/core/work-contact/src/Action/Dashboard/FieldPivot/Update.php#L43
dashboard,PUT,/contactSop/setEmployee,web/legacy/dashboard/src/api/contactSop.js,internal/server/server.go,-,-,internal/server/server.go,internal/server/server.go
dashboard,PUT,/contactSop/state,web/legacy/dashboard/src/api/contactSop.js,internal/server/server.go,-,-,internal/server/server.go,internal/server/server.go
dashboard,PUT,/contactSop/update,web/legacy/dashboard/src/api/contactSop.js,internal/server/server.go,-,-,internal/server/server.go,internal/server/server.go
dashboard,PUT,/corp/update,web/legacy/dashboard/src/api/corp.js,internal/server/server.go,git:3dcd216c188df34f2c3ed489b8e8b9473e635488:api-server/app/core/corp/src/Action/Dashboard/Update.php#L59,web/legacy/dashboard/src/views/corp/index.vue,git:3dcd216c188df34f2c3ed489b8e8b9473e635488:api-server/app/core/corp/src/Action/Dashboard/Update.php#L59,git:3dcd216c188df34f2c3ed489b8e8b9473e635488:api-server/app/core/corp/src/Action/Dashboard/Update.php#L59
dashboard,PUT,/greeting/update,web/legacy/dashboard/src/api/greeting.js,internal/server/server.go,git:3dcd216c188df34f2c3ed489b8e8b9473e635488:api-server/plugin/mochat/greeting/src/Action/Dashboard/Update.php#L59,web/legacy/dashboard/src/views/greeting/store.vue,git:3dcd216c188df34f2c3ed489b8e8b9473e635488:api-server/plugin/mochat/greeting/src/Action/Dashboard/Update.php#L59,git:3dcd216c188df34f2c3ed489b8e8b9473e635488:api-server/plugin/mochat/greeting/src/Action/Dashboard/Update.php#L59
dashboard,PUT,/lottery/batchContactTags,web/legacy/dashboard/src/api/lottery.js,internal/server/server.go,-,-,internal/server/server.go,internal/server/server.go
dashboard,PUT,/lottery/update,web/legacy/dashboard/src/api/lottery.js,internal/server/server.go,-,-,internal/server/server.go,internal/server/server.go
dashboard,PUT,/medium/groupUpdate,web/legacy/dashboard/src/api/mediumGroup.js,internal/server/server.go,git:3dcd216c188df34f2c3ed489b8e8b9473e635488:api-server/app/core/medium/src/Action/Dashboard/GroupUpdate.php#L40,web/legacy/dashboard/src/views/mediumGroup/index.vue,git:3dcd216c188df34f2c3ed489b8e8b9473e635488:api-server/app/core/medium/src/Action/Dashboard/GroupUpdate.php#L40,git:3dcd216c188df34f2c3ed489b8e8b9473e635488:api-server/app/core/medium/src/Action/Dashboard/GroupUpdate.php#L40
dashboard,PUT,/medium/update,web/legacy/dashboard/src/api/mediumGroup.js,internal/server/server.go,git:3dcd216c188df34f2c3ed489b8e8b9473e635488:api-server/app/core/medium/src/Action/Dashboard/Update.php#L40,web/legacy/dashboard/src/views/mediumGroup/index.vue,git:3dcd216c188df34f2c3ed489b8e8b9473e635488:api-server/app/core/medium/src/Action/Dashboard/Update.php#L40,git:3dcd216c188df34f2c3ed489b8e8b9473e635488:api-server/app/core/medium/src/Action/Dashboard/Update.php#L40
dashboard,PUT,/mediumGroup/update,web/legacy/dashboard/src/api/mediumGroup.js,internal/server/server.go,git:3dcd216c188df34f2c3ed489b8e8b9473e635488:api-server/app/core/medium/src/Action/Dashboard/Group/Update.php#L40,web/legacy/dashboard/src/views/mediumGroup/index.vue,git:3dcd216c188df34f2c3ed489b8e8b9473e635488:api-server/app/core/medium/src/Action/Dashboard/Group/Update.php#L40,git:3dcd216c188df34f2c3ed489b8e8b9473e635488:api-server/app/core/medium/src/Action/Dashboard/Group/Update.php#L40
dashboard,PUT,/radar/update,web/legacy/dashboard/src/api/radar.js,internal/server/server.go,-,-,internal/server/server.go,internal/server/server.go
dashboard,PUT,/role/statusUpdate,web/legacy/dashboard/src/api/role.js,internal/server/server.go,git:3dcd216c188df34f2c3ed489b8e8b9473e635488:api-server/app/core/rbac/src/Action/Dashboard/Role/StatusUpdate.php#L55,web/legacy/dashboard/src/views/role/index.vue,git:3dcd216c188df34f2c3ed489b8e8b9473e635488:api-server/app/core/rbac/src/Action/Dashboard/Role/StatusUpdate.php#L55,git:3dcd216c188df34f2c3ed489b8e8b9473e635488:api-server/app/core/rbac/src/Action/Dashboard/Role/StatusUpdate.php#L55
dashboard,PUT,/role/update,web/legacy/dashboard/src/api/role.js,internal/server/server.go,git:3dcd216c188df34f2c3ed489b8e8b9473e635488:api-server/app/core/rbac/src/Action/Dashboard/Role/Update.php#L54,web/legacy/dashboard/src/views/role/index.vue,git:3dcd216c188df34f2c3ed489b8e8b9473e635488:api-server/app/core/rbac/src/Action/Dashboard/Role/Update.php#L54,git:3dcd216c188df34f2c3ed489b8e8b9473e635488:api-server/app/core/rbac/src/Action/Dashboard/Role/Update.php#L54
dashboard,PUT,/roomCalendar/update,web/legacy/dashboard/src/api/roomCalendar.js,internal/server/server.go,-,-,internal/server/server.go,internal/server/server.go
dashboard,PUT,/roomClockIn/batchContactTags,web/legacy/dashboard/src/api/roomClockIn.js,internal/server/server.go,-,-,internal/server/server.go,internal/server/server.go
dashboard,PUT,/roomClockIn/update,web/legacy/dashboard/src/api/roomClockIn.js,internal/server/server.go,-,-,internal/server/server.go,internal/server/server.go
dashboard,PUT,/roomFission/update,web/legacy/dashboard/src/api/roomFission.js,internal/server/server.go,-,-,internal/server/server.go,internal/server/server.go
dashboard,PUT,/roomInfinitePull/update,web/legacy/dashboard/src/api/roomInfinitePull.js,internal/server/server.go,-,-,internal/server/server.go,internal/server/server.go
dashboard,PUT,/roomQuality/status,web/legacy/dashboard/src/api/roomQuality.js,internal/server/server.go,-,-,internal/server/server.go,internal/server/server.go
dashboard,PUT,/roomQuality/update,web/legacy/dashboard/src/api/roomQuality.js,internal/server/server.go,-,-,internal/server/server.go,internal/server/server.go
dashboard,PUT,/roomRemind/update,web/legacy/dashboard/src/api/roomRemind.js,internal/server/server.go,-,-,internal/server/server.go,internal/server/server.go
dashboard,PUT,/roomSop/setRoom,web/legacy/dashboard/src/api/roomSop.js,internal/server/server.go,-,-,internal/server/server.go,internal/server/server.go
dashboard,PUT,/roomSop/state,web/legacy/dashboard/src/api/roomSop.js,internal/server/server.go,-,-,internal/server/server.go,internal/server/server.go
dashboard,PUT,/roomSop/update,web/legacy/dashboard/src/api/roomSop.js,internal/server/server.go,-,-,internal/server/server.go,internal/server/server.go
dashboard,PUT,/roomWelcome/update,web/legacy/dashboard/src/api/liveCode.js;web/legacy/dashboard/src/api/roomWelcome.js,internal/server/server.go,git:3dcd216c188df34f2c3ed489b8e8b9473e635488:api-server/plugin/mochat/room-welcome/src/Action/Dashboard/Update.php#L47,web/legacy/dashboard/src/views/roomWelcome/create.vue,git:3dcd216c188df34f2c3ed489b8e8b9473e635488:api-server/plugin/mochat/room-welcome/src/Action/Dashboard/Update.php#L47,git:3dcd216c188df34f2c3ed489b8e8b9473e635488:api-server/plugin/mochat/room-welcome/src/Action/Dashboard/Update.php#L47
dashboard,PUT,/sensitiveWord/move,web/legacy/dashboard/src/api/sensitiveWords.js,internal/server/server.go,-,-,internal/server/server.go,internal/server/server.go
dashboard,PUT,/sensitiveWord/statusUpdate,web/legacy/dashboard/src/api/sensitiveWords.js,internal/server/server.go,-,-,internal/server/server.go,internal/server/server.go
dashboard,PUT,/sensitiveWordGroup/update,web/legacy/dashboard/src/api/sensitiveWords.js,internal/server/server.go,-,-,internal/server/server.go,internal/server/server.go
dashboard,PUT,/shopCode/batchContactTags,web/legacy/dashboard/src/api/shopCode.js,internal/server/server.go,-,-,internal/server/server.go,internal/server/server.go
dashboard,PUT,/shopCode/status,web/legacy/dashboard/src/api/shopCode.js,internal/server/server.go,-,-,internal/server/server.go,internal/server/server.go
dashboard,PUT,/shopCode/update,web/legacy/dashboard/src/api/shopCode.js,internal/server/server.go,-,-,internal/server/server.go,internal/server/server.go
dashboard,PUT,/user/logout,web/legacy/dashboard/src/api/login.js,internal/server/server.go,git:3dcd216c188df34f2c3ed489b8e8b9473e635488:api-server/app/core/user/src/Action/Dashboard/Logout.php#L41,web/legacy/dashboard/src/components/GlobalHeader/AvatarDropdown.vue,git:3dcd216c188df34f2c3ed489b8e8b9473e635488:api-server/app/core/user/src/Action/Dashboard/Logout.php#L41,git:3dcd216c188df34f2c3ed489b8e8b9473e635488:api-server/app/core/user/src/Action/Dashboard/Logout.php#L41
dashboard,PUT,/user/passwordReset,web/legacy/dashboard/src/api/user.js,internal/server/server.go,git:3dcd216c188df34f2c3ed489b8e8b9473e635488:api-server/app/core/user/src/Action/Dashboard/PasswordReset.php#L60,web/legacy/dashboard/src/views/user/index.vue,git:3dcd216c188df34f2c3ed489b8e8b9473e635488:api-server/app/core/user/src/Action/Dashboard/PasswordReset.php#L60,git:3dcd216c188df34f2c3ed489b8e8b9473e635488:api-server/app/core/user/src/Action/Dashboard/PasswordReset.php#L60
dashboard,PUT,/user/passwordUpdate,web/legacy/dashboard/src/api/passWordUpdate.js,internal/server/server.go,git:3dcd216c188df34f2c3ed489b8e8b9473e635488:api-server/app/core/user/src/Action/Dashboard/PasswordUpdate.php#L60,web/legacy/dashboard/src/views/passwordUpdate/index.vue,git:3dcd216c188df34f2c3ed489b8e8b9473e635488:api-server/app/core/user/src/Action/Dashboard/PasswordUpdate.php#L60,git:3dcd216c188df34f2c3ed489b8e8b9473e635488:api-server/app/core/user/src/Action/Dashboard/PasswordUpdate.php#L60
dashboard,PUT,/user/statusUpdate,web/legacy/dashboard/src/api/user.js,internal/server/server.go,git:3dcd216c188df34f2c3ed489b8e8b9473e635488:api-server/app/core/user/src/Action/Dashboard/StatusUpdate.php#L53,web/legacy/dashboard/src/views/user/index.vue,git:3dcd216c188df34f2c3ed489b8e8b9473e635488:api-server/app/core/user/src/Action/Dashboard/StatusUpdate.php#L53,git:3dcd216c188df34f2c3ed489b8e8b9473e635488:api-server/app/core/user/src/Action/Dashboard/StatusUpdate.php#L53
dashboard,PUT,/user/update,web/legacy/dashboard/src/api/user.js,internal/server/server.go,git:3dcd216c188df34f2c3ed489b8e8b9473e635488:api-server/app/core/user/src/Action/Dashboard/Update.php#L41,web/legacy/dashboard/src/views/user/index.vue,git:3dcd216c188df34f2c3ed489b8e8b9473e635488:api-server/app/core/user/src/Action/Dashboard/Update.php#L41,git:3dcd216c188df34f2c3ed489b8e8b9473e635488:api-server/app/core/user/src/Action/Dashboard/Update.php#L41
dashboard,PUT,/workContact/synContact,web/legacy/dashboard/src/api/workContact.js,internal/server/server.go,git:3dcd216c188df34f2c3ed489b8e8b9473e635488:api-server/app/core/work-contact/src/Action/Dashboard/SynContact.php#L58,web/legacy/dashboard/src/views/workContact/index.vue,git:3dcd216c188df34f2c3ed489b8e8b9473e635488:api-server/app/core/work-contact/src/Action/Dashboard/SynContact.php#L58,git:3dcd216c188df34f2c3ed489b8e8b9473e635488:api-server/app/core/work-contact/src/Action/Dashboard/SynContact.php#L58
dashboard,PUT,/workContact/update,web/legacy/dashboard/src/api/workContact.js,internal/server/server.go,git:3dcd216c188df34f2c3ed489b8e8b9473e635488:api-server/app/core/work-contact/src/Action/Dashboard/Update.php#L45,web/legacy/dashboard/src/views/workContact/contactFieldPivot.vue,git:3dcd216c188df34f2c3ed489b8e8b9473e635488:api-server/app/core/work-contact/src/Action/Dashboard/Update.php#L45,git:3dcd216c188df34f2c3ed489b8e8b9473e635488:api-server/app/core/work-contact/src/Action/Dashboard/Update.php#L45
dashboard,PUT,/workContactTag/move,web/legacy/dashboard/src/api/workContactTag.js,internal/server/server.go,git:3dcd216c188df34f2c3ed489b8e8b9473e635488:api-server/app/core/work-contact/src/Action/Dashboard/Tag/Move.php#L43,web/legacy/dashboard/src/views/workContactTag/index.vue,git:3dcd216c188df34f2c3ed489b8e8b9473e635488:api-server/app/core/work-contact/src/Action/Dashboard/Tag/Move.php#L43,git:3dcd216c188df34f2c3ed489b8e8b9473e635488:api-server/app/core/work-contact/src/Action/Dashboard/Tag/Move.php#L43
dashboard,PUT,/workContactTag/synContactTag,web/legacy/dashboard/src/api/workContactTag.js,internal/server/server.go,git:3dcd216c188df34f2c3ed489b8e8b9473e635488:api-server/app/core/work-contact/src/Action/Dashboard/Tag/SynContactTag.php#L42,web/legacy/dashboard/src/views/workContactTag/index.vue,git:3dcd216c188df34f2c3ed489b8e8b9473e635488:api-server/app/core/work-contact/src/Action/Dashboard/Tag/SynContactTag.php#L42,git:3dcd216c188df34f2c3ed489b8e8b9473e635488:api-server/app/core/work-contact/src/Action/Dashboard/Tag/SynContactTag.php#L42
dashboard,PUT,/workContactTag/update,web/legacy/dashboard/src/api/workContactTag.js,internal/server/server.go,git:3dcd216c188df34f2c3ed489b8e8b9473e635488:api-server/app/core/work-contact/src/Action/Dashboard/Tag/Update.php#L43,web/legacy/dashboard/src/views/workContactTag/index.vue,git:3dcd216c188df34f2c3ed489b8e8b9473e635488:api-server/app/core/work-contact/src/Action/Dashboard/Tag/Update.php#L43,git:3dcd216c188df34f2c3ed489b8e8b9473e635488:api-server/app/core/work-contact/src/Action/Dashboard/Tag/Update.php#L43
dashboard,PUT,/workContactTagGroup/update,web/legacy/dashboard/src/api/workContactTag.js,internal/server/server.go,git:3dcd216c188df34f2c3ed489b8e8b9473e635488:api-server/app/core/work-contact/src/Action/Dashboard/TagGroup/Update.php#L45,web/legacy/dashboard/src/views/workContactTag/index.vue,git:3dcd216c188df34f2c3ed489b8e8b9473e635488:api-server/app/core/work-contact/src/Action/Dashboard/TagGroup/Update.php#L45,git:3dcd216c188df34f2c3ed489b8e8b9473e635488:api-server/app/core/work-contact/src/Action/Dashboard/TagGroup/Update.php#L45
dashboard,PUT,/workEmployee/synEmployee,web/legacy/dashboard/src/api/workEmployee.js,internal/server/server.go,git:3dcd216c188df34f2c3ed489b8e8b9473e635488:api-server/app/core/work-employee/src/Action/Dashboard/SyncEmployee.php#L36,web/legacy/dashboard/src/views/department/index.vue;web/legacy/dashboard/src/views/workEmployee/index.vue,git:3dcd216c188df34f2c3ed489b8e8b9473e635488:api-server/app/core/work-employee/src/Action/Dashboard/SyncEmployee.php#L36,git:3dcd216c188df34f2c3ed489b8e8b9473e635488:api-server/app/core/work-employee/src/Action/Dashboard/SyncEmployee.php#L36
dashboard,PUT,/workFission/update,web/legacy/dashboard/src/api/workFission.js,internal/server/server.go,git:3dcd216c188df34f2c3ed489b8e8b9473e635488:api-server/plugin/mochat/work-fission/src/Action/Dashboard/Update.php#L47,web/legacy/dashboard/src/views/workFission/edit.vue,git:3dcd216c188df34f2c3ed489b8e8b9473e635488:api-server/plugin/mochat/work-fission/src/Action/Dashboard/Update.php#L47,git:3dcd216c188df34f2c3ed489b8e8b9473e635488:api-server/plugin/mochat/work-fission/src/Action/Dashboard/Update.php#L47
dashboard,PUT,/workMessageConfig/stepUpdate,web/legacy/dashboard/src/api/workMessage.js,internal/server/server.go,-,-,internal/server/server.go,internal/server/server.go
dashboard,PUT,/workRoom/batchUpdate,web/legacy/dashboard/src/api/workRoom.js,internal/server/server.go,git:3dcd216c188df34f2c3ed489b8e8b9473e635488:api-server/app/core/work-room/src/Action/Dashboard/BatchUpdate.php#L57,web/legacy/dashboard/src/views/workRoom/index.vue,git:3dcd216c188df34f2c3ed489b8e8b9473e635488:api-server/app/core/work-room/src/Action/Dashboard/BatchUpdate.php#L57,git:3dcd216c188df34f2c3ed489b8e8b9473e635488:api-server/app/core/work-room/src/Action/Dashboard/BatchUpdate.php#L57
dashboard,PUT,/workRoom/syn,web/legacy/dashboard/src/api/workRoom.js,internal/server/server.go,git:3dcd216c188df34f2c3ed489b8e8b9473e635488:api-server/app/core/work-room/src/Action/Dashboard/Sync.php#L36,web/legacy/dashboard/src/views/workRoom/index.vue,git:3dcd216c188df34f2c3ed489b8e8b9473e635488:api-server/app/core/work-room/src/Action/Dashboard/Sync.php#L36,git:3dcd216c188df34f2c3ed489b8e8b9473e635488:api-server/app/core/work-room/src/Action/Dashboard/Sync.php#L36
dashboard,PUT,/workRoomAutoPull/move,web/legacy/dashboard/src/api/workRoom.js,internal/server/server.go,-,-,internal/server/server.go,internal/server/server.go
dashboard,PUT,/workRoomAutoPull/update,web/legacy/dashboard/src/api/workRoom.js,internal/server/server.go,git:3dcd216c188df34f2c3ed489b8e8b9473e635488:api-server/plugin/mochat/room-auto-pull/src/Action/Dashboard/Update.php#L41,web/legacy/dashboard/src/views/workRoomAutoPull/store.vue,git:3dcd216c188df34f2c3ed489b8e8b9473e635488:api-server/plugin/mochat/room-auto-pull/src/Action/Dashboard/Update.php#L41,git:3dcd216c188df34f2c3ed489b8e8b9473e635488:api-server/plugin/mochat/room-auto-pull/src/Action/Dashboard/Update.php#L41
dashboard,PUT,/workRoomGroup/update,web/legacy/dashboard/src/api/workRoom.js,internal/server/server.go,git:3dcd216c188df34f2c3ed489b8e8b9473e635488:api-server/app/core/work-room/src/Action/Dashboard/Group/Update.php#L52,web/legacy/dashboard/src/views/workRoom/index.vue,git:3dcd216c188df34f2c3ed489b8e8b9473e635488:api-server/app/core/work-room/src/Action/Dashboard/Group/Update.php#L52,git:3dcd216c188df34f2c3ed489b8e8b9473e635488:api-server/app/core/work-room/src/Action/Dashboard/Group/Update.php#L52
dashboard,PUT,menu/statusUpdate,web/legacy/dashboard/src/api/menu.js,internal/server/server.go,git:3dcd216c188df34f2c3ed489b8e8b9473e635488:api-server/app/core/rbac/src/Action/Dashboard/Menu/StatusUpdate.php#L55,web/legacy/dashboard/src/views/menu/index.vue,git:3dcd216c188df34f2c3ed489b8e8b9473e635488:api-server/app/core/rbac/src/Action/Dashboard/Menu/StatusUpdate.php#L55,git:3dcd216c188df34f2c3ed489b8e8b9473e635488:api-server/app/core/rbac/src/Action/Dashboard/Menu/StatusUpdate.php#L55
dashboard,PUT,menu/update,web/legacy/dashboard/src/api/menu.js,internal/server/server.go,git:3dcd216c188df34f2c3ed489b8e8b9473e635488:api-server/app/core/rbac/src/Action/Dashboard/Menu/Update.php#L45,web/legacy/dashboard/src/views/menu/index.vue,git:3dcd216c188df34f2c3ed489b8e8b9473e635488:api-server/app/core/rbac/src/Action/Dashboard/Menu/Update.php#L45,git:3dcd216c188df34f2c3ed489b8e8b9473e635488:api-server/app/core/rbac/src/Action/Dashboard/Menu/Update.php#L45
operation,GET,/officialAccount/openUserInfo,web/legacy/operation/src/api/user.js,-,-,-,web/legacy/operation/src/api/user.js,web/legacy/operation/src/api/user.js
operation,GET,/openUserInfo/lottery,web/legacy/operation/src/api/lottery.js,internal/server/server.go,-,web/legacy/operation/src/views/lottery/index.vue,client:web/legacy/operation/src/views/lottery/index.vue,web/legacy/operation/src/api/lottery.js
operation,GET,/openUserInfo/roomClockIn,web/legacy/operation/src/api/roomClockIn.js,internal/server/server.go,-,web/legacy/operation/src/views/roomClockIn/index.vue,client:web/legacy/operation/src/views/roomClockIn/index.vue,web/legacy/operation/src/api/roomClockIn.js
operation,GET,/openUserInfo/roomFission,web/legacy/operation/src/api/roomFission.js,internal/server/server.go,-,web/legacy/operation/src/views/roomFission/fissionIndex.vue;web/legacy/operation/src/views/roomFission/fissionSpeed.vue,client:web/legacy/operation/src/views/roomFission/fissionIndex.vue;client:web/legacy/operation/src/views/roomFission/fissionSpeed.vue,web/legacy/operation/src/api/roomFission.js
operation,GET,/openUserInfo/shopCode,web/legacy/operation/src/api/shopCode.js,internal/server/server.go,-,web/legacy/operation/src/views/shopCode/shopCodeIndex.vue,client:web/legacy/operation/src/views/shopCode/shopCodeIndex.vue,web/legacy/operation/src/api/shopCode.js
operation,GET,/openUserInfo/workFission,web/legacy/operation/src/api/workFission.js,internal/server/server.go,git:3dcd216c188df34f2c3ed489b8e8b9473e635488:api-server/plugin/mochat/work-fission/src/Action/Operation/OpenUserInfo.php#L44,web/legacy/operation/src/views/workFission/index.vue;web/legacy/operation/src/views/workFission/speed.vue,client:web/legacy/operation/src/views/workFission/index.vue;client:web/legacy/operation/src/views/workFission/speed.vue,git:3dcd216c188df34f2c3ed489b8e8b9473e635488:api-server/plugin/mochat/work-fission/src/Action/Operation/OpenUserInfo.php#L44
operation,GET,/roomClockIn/clockInRanking,web/legacy/operation/src/api/roomClockIn.js,internal/server/server.go,-,web/legacy/operation/src/views/roomClockIn/index.vue,internal/server/server.go,web/legacy/operation/src/api/roomClockIn.js
operation,GET,/roomClockIn/contactData,web/legacy/operation/src/api/roomClockIn.js,internal/server/server.go,-,web/legacy/operation/src/views/roomClockIn/index.vue,internal/server/server.go,web/legacy/operation/src/api/roomClockIn.js
operation,GET,/roomFission/inviteFriends,web/legacy/operation/src/api/roomFission.js,internal/server/server.go,-,web/legacy/operation/src/views/roomFission/fissionSpeed.vue,internal/server/server.go,web/legacy/operation/src/api/roomFission.js
operation,GET,/roomFission/poster,web/legacy/operation/src/api/roomFission.js,internal/server/server.go,-,web/legacy/operation/src/views/roomFission/fissionIndex.vue,client:web/legacy/operation/src/views/roomFission/fissionIndex.vue,web/legacy/operation/src/api/roomFission.js
operation,GET,/roomFission/receive,web/legacy/operation/src/api/roomFission.js,internal/server/server.go,-,web/legacy/operation/src/views/roomFission/fissionSpeed.vue,client:web/legacy/operation/src/views/roomFission/fissionSpeed.vue,web/legacy/operation/src/api/roomFission.js
operation,GET,/roomInfinitePull/qrCode,web/legacy/operation/src/api/roomInfinite.js,internal/server/server.go,-,web/legacy/operation/src/views/roomInfinitePull/roomInfinitePull.vue,internal/server/server.go,web/legacy/operation/src/api/roomInfinite.js
operation,GET,/shopCode/areaCode,web/legacy/operation/src/api/shopCode.js,internal/server/server.go,-,web/legacy/operation/src/views/shopCode/shopCodeIndex.vue,client:web/legacy/operation/src/views/shopCode/shopCodeIndex.vue,web/legacy/operation/src/api/shopCode.js
operation,GET,/shopCode/weChatSdkConfig,web/legacy/operation/src/api/shopCode.js,internal/server/server.go,-,web/legacy/operation/src/views/shopCode/shopCodeIndex.vue,internal/server/server.go,web/legacy/operation/src/api/shopCode.js
operation,GET,/workFission/inviteFriends,web/legacy/operation/src/api/workFission.js,internal/server/server.go,git:3dcd216c188df34f2c3ed489b8e8b9473e635488:api-server/plugin/mochat/work-fission/src/Action/Operation/InviteFriends.php#L73,web/legacy/operation/src/views/workFission/speed.vue,git:3dcd216c188df34f2c3ed489b8e8b9473e635488:api-server/plugin/mochat/work-fission/src/Action/Operation/InviteFriends.php#L73,git:3dcd216c188df34f2c3ed489b8e8b9473e635488:api-server/plugin/mochat/work-fission/src/Action/Operation/InviteFriends.php#L73
operation,GET,/workFission/poster,web/legacy/operation/src/api/workFission.js,internal/server/server.go,git:3dcd216c188df34f2c3ed489b8e8b9473e635488:api-server/plugin/mochat/work-fission/src/Action/Operation/Poster.php#L117,web/legacy/operation/src/views/workFission/index.vue,client:web/legacy/operation/src/views/workFission/index.vue,git:3dcd216c188df34f2c3ed489b8e8b9473e635488:api-server/plugin/mochat/work-fission/src/Action/Operation/Poster.php#L117
operation,GET,/workFission/receive,web/legacy/operation/src/api/workFission.js,internal/server/server.go,-,web/legacy/operation/src/views/workFission/speed.vue,internal/server/server.go,web/legacy/operation/src/api/workFission.js
operation,GET,/workFission/taskData,web/legacy/operation/src/api/workFission.js,internal/server/server.go,git:3dcd216c188df34f2c3ed489b8e8b9473e635488:api-server/plugin/mochat/work-fission/src/Action/Operation/TaskData.php#L81,web/legacy/operation/src/views/workFission/speed.vue,git:3dcd216c188df34f2c3ed489b8e8b9473e635488:api-server/plugin/mochat/work-fission/src/Action/Operation/TaskData.php#L81,git:3dcd216c188df34f2c3ed489b8e8b9473e635488:api-server/plugin/mochat/work-fission/src/Action/Operation/TaskData.php#L81
operation,POST,/lottery/contactData,web/legacy/operation/src/api/lottery.js,internal/server/server.go,-,web/legacy/operation/src/views/lottery/index.vue,client:web/legacy/operation/src/views/lottery/index.vue,web/legacy/operation/src/api/lottery.js
operation,PUT,/lottery/contactLottery,web/legacy/operation/src/api/lottery.js,internal/server/server.go,-,web/legacy/operation/src/views/lottery/index.vue,client:web/legacy/operation/src/views/lottery/index.vue,web/legacy/operation/src/api/lottery.js
operation,PUT,/lottery/receive,web/legacy/operation/src/api/lottery.js,internal/server/server.go,-,web/legacy/operation/src/views/lottery/index.vue,internal/server/server.go,web/legacy/operation/src/api/lottery.js
operation,PUT,/roomClockIn/contactClockIn,web/legacy/operation/src/api/roomClockIn.js,internal/server/server.go,-,web/legacy/operation/src/views/roomClockIn/index.vue,internal/server/server.go,web/legacy/operation/src/api/roomClockIn.js
operation,PUT,/roomClockIn/receive,web/legacy/operation/src/api/roomClockIn.js,internal/server/server.go,-,web/legacy/operation/src/views/roomClockIn/index.vue,internal/server/server.go,web/legacy/operation/src/api/roomClockIn.js
sidebar,GET,/agent/jssdkConfig,web/legacy/sidebar/src/api/wxconfig.js,internal/server/server.go,git:3dcd216c188df34f2c3ed489b8e8b9473e635488:api-server/app/core/work-agent/src/Action/Sidebar/JssdkConfig.php#L80,web/legacy/sidebar/src/utils/wxCodeAuth.js,git:3dcd216c188df34f2c3ed489b8e8b9473e635488:api-server/app/core/work-agent/src/Action/Sidebar/JssdkConfig.php#L80,git:3dcd216c188df34f2c3ed489b8e8b9473e635488:api-server/app/core/work-agent/src/Action/Sidebar/JssdkConfig.php#L80
sidebar,GET,/agent/oauth,web/legacy/sidebar/src/api/wxconfig.js,internal/server/server.go,git:3dcd216c188df34f2c3ed489b8e8b9473e635488:api-server/app/core/work-agent/src/Action/Sidebar/OAuth.php#L72,web/legacy/sidebar/src/views/codeAuth/index.vue,git:3dcd216c188df34f2c3ed489b8e8b9473e635488:api-server/app/core/work-agent/src/Action/Sidebar/OAuth.php#L72,git:3dcd216c188df34f2c3ed489b8e8b9473e635488:api-server/app/core/work-agent/src/Action/Sidebar/OAuth.php#L72
sidebar,GET,/contactBatchAdd/detail,web/legacy/sidebar/src/api/contactBatchAdd.js,internal/server/server.go,-,web/legacy/sidebar/src/views/contactBatchAdd/index.vue,client:web/legacy/sidebar/src/views/contactBatchAdd/index.vue,internal/server/server.go
sidebar,GET,/contactFieldPivot/index,web/legacy/sidebar/src/api/contact.js,internal/server/server.go,git:3dcd216c188df34f2c3ed489b8e8b9473e635488:api-server/app/core/work-contact/src/Action/Sidebar/FieldPivot/Index.php#L52,web/legacy/sidebar/src/views/contact/editDetail.vue;web/legacy/sidebar/src/views/contact/index.vue,git:3dcd216c188df34f2c3ed489b8e8b9473e635488:api-server/app/core/work-contact/src/Action/Sidebar/FieldPivot/Index.php#L52,git:3dcd216c188df34f2c3ed489b8e8b9473e635488:api-server/app/core/work-contact/src/Action/Sidebar/FieldPivot/Index.php#L52
sidebar,GET,/contactSop/getSopInfo,web/legacy/sidebar/src/api/contactSop.js,internal/server/server.go,-,web/legacy/sidebar/src/views/contactSop/contactSop.vue,internal/server/server.go,internal/server/server.go
sidebar,GET,/contactSop/getSopTipInfo,web/legacy/sidebar/src/api/contactSop.js,internal/server/server.go,-,web/legacy/sidebar/src/views/contactSop/contactSopIndex.vue,internal/server/server.go,internal/server/server.go
sidebar,GET,/medium/index,web/legacy/sidebar/src/api/medium.js,internal/server/server.go,git:3dcd216c188df34f2c3ed489b8e8b9473e635488:api-server/app/core/medium/src/Action/Sidebar/Index.php#L39,web/legacy/sidebar/src/views/medium/index.vue,client:web/legacy/sidebar/src/views/medium/index.vue;git:3dcd216c188df34f2c3ed489b8e8b9473e635488:api-server/app/core/medium/src/Action/Sidebar/Index.php#L39,git:3dcd216c188df34f2c3ed489b8e8b9473e635488:api-server/app/core/medium/src/Action/Sidebar/Index.php#L39
sidebar,GET,/medium/mediaIdUpdate,web/legacy/sidebar/src/api/medium.js,internal/server/server.go,git:3dcd216c188df34f2c3ed489b8e8b9473e635488:api-server/app/core/medium/src/Action/Sidebar/MediaIdUpdate.php#L64,web/legacy/sidebar/src/views/medium/index.vue,git:3dcd216c188df34f2c3ed489b8e8b9473e635488:api-server/app/core/medium/src/Action/Sidebar/MediaIdUpdate.php#L64,git:3dcd216c188df34f2c3ed489b8e8b9473e635488:api-server/app/core/medium/src/Action/Sidebar/MediaIdUpdate.php#L64
sidebar,GET,/mediumGroup/index,web/legacy/sidebar/src/api/medium.js,internal/server/server.go,git:3dcd216c188df34f2c3ed489b8e8b9473e635488:api-server/app/core/medium/src/Action/Sidebar/Group/Index.php#L31,web/legacy/sidebar/src/views/medium/index.vue,git:3dcd216c188df34f2c3ed489b8e8b9473e635488:api-server/app/core/medium/src/Action/Sidebar/Group/Index.php#L31,git:3dcd216c188df34f2c3ed489b8e8b9473e635488:api-server/app/core/medium/src/Action/Sidebar/Group/Index.php#L31
sidebar,GET,/roomCalendar/index,web/legacy/sidebar/src/api/roomCalendar.js,-,-,web/legacy/sidebar/src/views/roomSop/setCalendar.vue,web/legacy/sidebar/src/api/roomCalendar.js,web/legacy/sidebar/src/api/roomCalendar.js
sidebar,GET,/roomCalendar/setRoom,web/legacy/sidebar/src/api/roomCalendar.js,-,-,web/legacy/sidebar/src/views/roomSop/setCalendar.vue,web/legacy/sidebar/src/api/roomCalendar.js,web/legacy/sidebar/src/api/roomCalendar.js
sidebar,GET,/roomQuality/deleteRoom,web/legacy/sidebar/src/api/roomQuality.js,-,-,web/legacy/sidebar/src/views/roomSop/roomQuality.vue,web/legacy/sidebar/src/api/roomQuality.js,web/legacy/sidebar/src/api/roomQuality.js
sidebar,GET,/roomQuality/index,web/legacy/sidebar/src/api/roomQuality.js,-,-,web/legacy/sidebar/src/views/roomSop/roomQuality.vue,client:web/legacy/sidebar/src/views/roomSop/roomQuality.vue,web/legacy/sidebar/src/api/roomQuality.js
sidebar,GET,/roomQuality/setRoom,web/legacy/sidebar/src/api/roomQuality.js,-,-,web/legacy/sidebar/src/views/roomSop/roomQuality.vue,web/legacy/sidebar/src/api/roomQuality.js,web/legacy/sidebar/src/api/roomQuality.js
sidebar,GET,/roomSop/getSopInfo,web/legacy/sidebar/src/api/roomSop.js,internal/server/server.go,-,web/legacy/sidebar/src/views/roomSop/roomSop.vue,internal/server/server.go,internal/server/server.go
sidebar,GET,/roomSop/tipSopAddRoom,web/legacy/sidebar/src/api/roomSop.js,-,-,web/legacy/sidebar/src/views/roomSop/pushRule.vue,web/legacy/sidebar/src/api/roomSop.js,web/legacy/sidebar/src/api/roomSop.js
sidebar,GET,/roomSop/tipSopDelRoom,web/legacy/sidebar/src/api/roomSop.js,-,-,web/legacy/sidebar/src/views/roomSop/pushRule.vue,web/legacy/sidebar/src/api/roomSop.js,web/legacy/sidebar/src/api/roomSop.js
sidebar,GET,/roomSop/tipSopList,web/legacy/sidebar/src/api/roomSop.js,-,-,web/legacy/sidebar/src/views/roomSop/pushRule.vue,web/legacy/sidebar/src/api/roomSop.js,web/legacy/sidebar/src/api/roomSop.js
sidebar,GET,/workContact/detail,web/legacy/sidebar/src/api/contact.js,internal/server/server.go,git:3dcd216c188df34f2c3ed489b8e8b9473e635488:api-server/app/core/work-contact/src/Action/Sidebar/Detail.php#L33,web/legacy/sidebar/src/store/modules/app.js,client:web/legacy/sidebar/src/store/modules/app.js,git:3dcd216c188df34f2c3ed489b8e8b9473e635488:api-server/app/core/work-contact/src/Action/Sidebar/Detail.php#L33
sidebar,GET,/workContact/show,web/legacy/sidebar/src/api/contact.js,internal/server/server.go,git:3dcd216c188df34f2c3ed489b8e8b9473e635488:api-server/app/core/work-contact/src/Action/Sidebar/Show.php#L43,web/legacy/sidebar/src/views/contact/index.vue;web/legacy/sidebar/src/views/contact/settingTag.vue,client:web/legacy/sidebar/src/views/contact/index.vue;client:web/legacy/sidebar/src/views/contact/settingTag.vue,git:3dcd216c188df34f2c3ed489b8e8b9473e635488:api-server/app/core/work-contact/src/Action/Sidebar/Show.php#L43
sidebar,GET,/workContact/track,web/legacy/sidebar/src/api/contact.js,internal/server/server.go,git:3dcd216c188df34f2c3ed489b8e8b9473e635488:api-server/app/core/work-contact/src/Action/Sidebar/Track.php#L44,web/legacy/sidebar/src/views/contact/index.vue,git:3dcd216c188df34f2c3ed489b8e8b9473e635488:api-server/app/core/work-contact/src/Action/Sidebar/Track.php#L44,git:3dcd216c188df34f2c3ed489b8e8b9473e635488:api-server/app/core/work-contact/src/Action/Sidebar/Track.php#L44
sidebar,GET,/workContactTag/allTag,web/legacy/sidebar/src/api/contact.js,internal/server/server.go,git:3dcd216c188df34f2c3ed489b8e8b9473e635488:api-server/app/core/work-contact/src/Action/Sidebar/Tag/AllTag.php#L40,web/legacy/sidebar/src/views/contact/settingTag.vue,git:3dcd216c188df34f2c3ed489b8e8b9473e635488:api-server/app/core/work-contact/src/Action/Sidebar/Tag/AllTag.php#L40,git:3dcd216c188df34f2c3ed489b8e8b9473e635488:api-server/app/core/work-contact/src/Action/Sidebar/Tag/AllTag.php#L40
sidebar,GET,/workContactTagGroup/index,web/legacy/sidebar/src/api/contact.js,internal/server/server.go,git:3dcd216c188df34f2c3ed489b8e8b9473e635488:api-server/app/core/work-contact/src/Action/Sidebar/TagGroup/Index.php#L40,web/legacy/sidebar/src/views/contact/settingTag.vue,git:3dcd216c188df34f2c3ed489b8e8b9473e635488:api-server/app/core/work-contact/src/Action/Sidebar/TagGroup/Index.php#L40,git:3dcd216c188df34f2c3ed489b8e8b9473e635488:api-server/app/core/work-contact/src/Action/Sidebar/TagGroup/Index.php#L40
sidebar,GET,/workRoom/roomManage,web/legacy/sidebar/src/api/room.js,internal/server/server.go,git:3dcd216c188df34f2c3ed489b8e8b9473e635488:api-server/app/core/work-room/src/Action/Sidebar/RoomManage.php#L63,-,git:3dcd216c188df34f2c3ed489b8e8b9473e635488:api-server/app/core/work-room/src/Action/Sidebar/RoomManage.php#L63,git:3dcd216c188df34f2c3ed489b8e8b9473e635488:api-server/app/core/work-room/src/Action/Sidebar/RoomManage.php#L63
sidebar,GET,/wxJsSdk/config,web/legacy/sidebar/src/api/wxconfig.js,internal/server/server.go,git:3dcd216c188df34f2c3ed489b8e8b9473e635488:api-server/app/core/common/src/Action/Sidebar/WxJSSDK/Config.php#L73,-,git:3dcd216c188df34f2c3ed489b8e8b9473e635488:api-server/app/core/common/src/Action/Sidebar/WxJSSDK/Config.php#L73,git:3dcd216c188df34f2c3ed489b8e8b9473e635488:api-server/app/core/common/src/Action/Sidebar/WxJSSDK/Config.php#L73
sidebar,POST,/common/upload,web/legacy/sidebar/src/api/contact.js,internal/server/server.go,git:3dcd216c188df34f2c3ed489b8e8b9473e635488:api-server/app/core/common/src/Action/Sidebar/Upload.php#L33,web/legacy/sidebar/src/views/contact/editDetail.vue,client:web/legacy/sidebar/src/views/contact/editDetail.vue;git:3dcd216c188df34f2c3ed489b8e8b9473e635488:api-server/app/core/common/src/Action/Sidebar/Upload.php#L33,git:3dcd216c188df34f2c3ed489b8e8b9473e635488:api-server/app/core/common/src/Action/Sidebar/Upload.php#L33
sidebar,PUT,/contactFieldPivot/update,web/legacy/sidebar/src/api/contact.js,internal/server/server.go,git:3dcd216c188df34f2c3ed489b8e8b9473e635488:api-server/app/core/work-contact/src/Action/Sidebar/FieldPivot/Update.php#L43,web/legacy/sidebar/src/views/contact/editDetail.vue,git:3dcd216c188df34f2c3ed489b8e8b9473e635488:api-server/app/core/work-contact/src/Action/Sidebar/FieldPivot/Update.php#L43,git:3dcd216c188df34f2c3ed489b8e8b9473e635488:api-server/app/core/work-contact/src/Action/Sidebar/FieldPivot/Update.php#L43
sidebar,PUT,/roomSop/logState,web/legacy/sidebar/src/api/roomSop.js,internal/server/server.go,-,web/legacy/sidebar/src/views/roomSop/roomSop.vue,internal/server/server.go,internal/server/server.go
sidebar,PUT,/roomSop/setRoom,web/legacy/sidebar/src/api/roomSop.js,-,-,-,web/legacy/sidebar/src/api/roomSop.js,web/legacy/sidebar/src/api/roomSop.js
sidebar,PUT,/workContact/update,web/legacy/sidebar/src/api/contact.js,internal/server/server.go,git:3dcd216c188df34f2c3ed489b8e8b9473e635488:api-server/app/core/work-contact/src/Action/Sidebar/Update.php#L43,web/legacy/sidebar/src/views/contact/remark.vue;web/legacy/sidebar/src/views/contact/settingTag.vue,git:3dcd216c188df34f2c3ed489b8e8b9473e635488:api-server/app/core/work-contact/src/Action/Sidebar/Update.php#L43,git:3dcd216c188df34f2c3ed489b8e8b9473e635488:api-server/app/core/work-contact/src/Action/Sidebar/Update.php#L43
