app,method,path,source_file,request_fields,response_fields,auth,corp_scope,go_evidence
dashboard,DELETE,/autoTag/destroy,web/legacy/dashboard/src/api/autoTag.js,data:id,blocked[no-static-response-fields]@internal/server/server.go,ACCESS_TOKEN,blocked[no-static-corp-scope]@internal/server/server.go,internal/server/server.go
dashboard,DELETE,/contactBatchAdd/destroy,web/legacy/dashboard/src/api/contactBatchAdd.js,data:blocked[no-callsite],blocked[no-static-response-fields]@internal/server/server.go,ACCESS_TOKEN,blocked[no-static-corp-scope]@internal/server/server.go,internal/server/server.go
dashboard,DELETE,/contactBatchAdd/importDestroy,web/legacy/dashboard/src/api/contactBatchAdd.js,data:blocked[no-callsite],blocked[no-static-response-fields]@internal/server/server.go,ACCESS_TOKEN,blocked[no-static-corp-scope]@internal/server/server.go,internal/server/server.go
dashboard,DELETE,/contactField/destroy,web/legacy/dashboard/src/api/contactField.js,data:id,fields:none,ACCESS_TOKEN,blocked[no-static-corp-scope]@git:3dcd216c188df34f2c3ed489b8e8b9473e635488:api-server/app/core/work-contact/src/Action/Dashboard/Field/Destroy.php#L40,internal/server/server.go
dashboard,DELETE,/contactMessageBatchSend/destroy,web/legacy/dashboard/src/api/contactMessageBatchSend.js,data:batchId,fields:none,ACCESS_TOKEN,blocked[no-static-corp-scope]@git:3dcd216c188df34f2c3ed489b8e8b9473e635488:api-server/plugin/mochat/contact-message-batch-send/src/Action/Dashboard/Destroy.php#L43,internal/server/server.go
dashboard,DELETE,/contactSop/destroy,web/legacy/dashboard/src/api/contactSop.js,data:blocked[no-callsite],blocked[no-static-response-fields]@internal/server/server.go,ACCESS_TOKEN,blocked[no-static-corp-scope]@internal/server/server.go,internal/server/server.go
dashboard,DELETE,/greeting/destroy,web/legacy/dashboard/src/api/greeting.js,data:greetingId,fields:none,ACCESS_TOKEN,server-current-enterprise@git:3dcd216c188df34f2c3ed489b8e8b9473e635488:api-server/plugin/mochat/greeting/src/Action/Dashboard/Destroy.php#L50,internal/server/server.go
dashboard,DELETE,/lottery/destroy,web/legacy/dashboard/src/api/lottery.js,data:blocked[no-callsite],blocked[no-static-response-fields]@internal/server/server.go,ACCESS_TOKEN,blocked[no-static-corp-scope]@internal/server/server.go,internal/server/server.go
dashboard,DELETE,/medium/destroy,web/legacy/dashboard/src/api/mediumGroup.js,data:id,fields:none,ACCESS_TOKEN,blocked[no-static-corp-scope]@git:3dcd216c188df34f2c3ed489b8e8b9473e635488:api-server/app/core/medium/src/Action/Dashboard/Destroy.php#L40,internal/server/server.go
dashboard,DELETE,/mediumGroup/destroy,web/legacy/dashboard/src/api/mediumGroup.js,data:id,fields:none,ACCESS_TOKEN,blocked[no-static-corp-scope]@git:3dcd216c188df34f2c3ed489b8e8b9473e635488:api-server/app/core/medium/src/Action/Dashboard/Group/Destroy.php#L37,internal/server/server.go
dashboard,DELETE,/radar/destroy,web/legacy/dashboard/src/api/radar.js,data:blocked[no-callsite],blocked[no-static-response-fields]@internal/server/server.go,ACCESS_TOKEN,blocked[no-static-corp-scope]@internal/server/server.go,internal/server/server.go
dashboard,DELETE,/role/destroy,web/legacy/dashboard/src/api/role.js,data:roleId,fields:none,ACCESS_TOKEN,server-current-enterprise@git:3dcd216c188df34f2c3ed489b8e8b9473e635488:api-server/app/core/rbac/src/Action/Dashboard/Role/Destroy.php#L53,internal/server/server.go
dashboard,DELETE,/roomCalendar/destroy,web/legacy/dashboard/src/api/roomCalendar.js,data:blocked[no-callsite],blocked[no-static-response-fields]@internal/server/server.go,ACCESS_TOKEN,blocked[no-static-corp-scope]@internal/server/server.go,internal/server/server.go
dashboard,DELETE,/roomCalendar/destroyRoom,web/legacy/dashboard/src/api/roomCalendar.js,data:chatid;id,blocked[no-static-response-fields]@internal/server/server.go,ACCESS_TOKEN,blocked[no-static-corp-scope]@internal/server/server.go,internal/server/server.go
dashboard,DELETE,/roomClockIn/destroy,web/legacy/dashboard/src/api/roomClockIn.js,data:blocked[no-callsite],blocked[no-static-response-fields]@internal/server/server.go,ACCESS_TOKEN,blocked[no-static-corp-scope]@internal/server/server.go,internal/server/server.go
dashboard,DELETE,/roomFission/destroy,web/legacy/dashboard/src/api/roomFission.js,data:blocked[no-callsite],blocked[no-static-response-fields]@internal/server/server.go,ACCESS_TOKEN,blocked[no-static-corp-scope]@internal/server/server.go,internal/server/server.go
dashboard,DELETE,/roomInfinitePull/destroy,web/legacy/dashboard/src/api/roomInfinitePull.js,data:blocked[no-callsite],blocked[no-static-response-fields]@internal/server/server.go,ACCESS_TOKEN,blocked[no-static-corp-scope]@internal/server/server.go,internal/server/server.go
dashboard,DELETE,/roomMessageBatchSend/destroy,web/legacy/dashboard/src/api/roomMessageBatchSend.js,data:batchId,fields:none,ACCESS_TOKEN,blocked[no-static-corp-scope]@git:3dcd216c188df34f2c3ed489b8e8b9473e635488:api-server/plugin/mochat/room-message-batch-send/src/Action/Dashboard/Destroy.php#L43,internal/server/server.go
dashboard,DELETE,/roomQuality/destroy,web/legacy/dashboard/src/api/roomQuality.js,data:blocked[no-callsite],blocked[no-static-response-fields]@internal/server/server.go,ACCESS_TOKEN,blocked[no-static-corp-scope]@internal/server/server.go,internal/server/server.go
dashboard,DELETE,/roomRemind/destroy,web/legacy/dashboard/src/api/roomRemind.js,data:blocked[no-callsite],blocked[no-static-response-fields]@internal/server/server.go,ACCESS_TOKEN,blocked[no-static-corp-scope]@internal/server/server.go,internal/server/server.go
dashboard,DELETE,/roomSop/destroy,web/legacy/dashboard/src/api/roomSop.js,data:blocked[no-callsite],blocked[no-static-response-fields]@internal/server/server.go,ACCESS_TOKEN,blocked[no-static-corp-scope]@internal/server/server.go,internal/server/server.go
dashboard,DELETE,/roomTagPull/destroy,web/legacy/dashboard/src/api/workRoom.js,data:id,fields:none,ACCESS_TOKEN,server-current-enterprise@git:3dcd216c188df34f2c3ed489b8e8b9473e635488:api-server/plugin/mochat/room-tag-pull/src/Action/Dashboard/Destroy.php#L53,internal/server/server.go
dashboard,DELETE,/roomWelcome/destroy,web/legacy/dashboard/src/api/roomWelcome.js,data:id,fields:none,ACCESS_TOKEN,server-current-enterprise@git:3dcd216c188df34f2c3ed489b8e8b9473e635488:api-server/plugin/mochat/room-welcome/src/Action/Dashboard/Destroy.php#L56,internal/server/server.go
dashboard,DELETE,/sensitiveWord/destroy,web/legacy/dashboard/src/api/sensitiveWords.js,data:blocked[no-callsite],blocked[no-static-response-fields]@internal/server/server.go,ACCESS_TOKEN,blocked[no-static-corp-scope]@internal/server/server.go,internal/server/server.go
dashboard,DELETE,/shopCode/destroy,web/legacy/dashboard/src/api/shopCode.js,data:blocked[no-callsite],blocked[no-static-response-fields]@internal/server/server.go,ACCESS_TOKEN,blocked[no-static-corp-scope]@internal/server/server.go,internal/server/server.go
dashboard,DELETE,/workContactTag/destroy,web/legacy/dashboard/src/api/workContactTag.js,data:tagId,blocked[no-static-response-fields]@git:3dcd216c188df34f2c3ed489b8e8b9473e635488:api-server/app/core/work-contact/src/Action/Dashboard/Tag/Destroy.php#L53,ACCESS_TOKEN,server-current-enterprise@git:3dcd216c188df34f2c3ed489b8e8b9473e635488:api-server/app/core/work-contact/src/Action/Dashboard/Tag/Destroy.php#L53,internal/server/server.go
dashboard,DELETE,/workContactTagGroup/destroy,web/legacy/dashboard/src/api/workContactTag.js,data:groupId,blocked[no-static-response-fields]@git:3dcd216c188df34f2c3ed489b8e8b9473e635488:api-server/app/core/work-contact/src/Action/Dashboard/TagGroup/Destroy.php#L66,ACCESS_TOKEN,server-current-enterprise@git:3dcd216c188df34f2c3ed489b8e8b9473e635488:api-server/app/core/work-contact/src/Action/Dashboard/TagGroup/Destroy.php#L66,internal/server/server.go
dashboard,DELETE,/workFission/destroy,web/legacy/dashboard/src/api/workFission.js,data:id,fields:none,ACCESS_TOKEN,server-current-enterprise@git:3dcd216c188df34f2c3ed489b8e8b9473e635488:api-server/plugin/mochat/work-fission/src/Action/Dashboard/Destroy.php#L57,internal/server/server.go
dashboard,DELETE,/workRoomGroup/destroy,web/legacy/dashboard/src/api/workRoom.js,data:workRoomGroupId,fields:none,ACCESS_TOKEN,blocked[no-static-corp-scope]@git:3dcd216c188df34f2c3ed489b8e8b9473e635488:api-server/app/core/work-room/src/Action/Dashboard/Group/Destroy.php#L60,internal/server/server.go
dashboard,DELETE,menu/destroy,web/legacy/dashboard/src/api/menu.js,data:menuId,fields:none,ACCESS_TOKEN,blocked[no-static-corp-scope]@git:3dcd216c188df34f2c3ed489b8e8b9473e635488:api-server/app/core/rbac/src/Action/Dashboard/Menu/Destroy.php#L46,internal/server/server.go
dashboard,GET,/autoTag/index,web/legacy/dashboard/src/api/autoTag.js,params:name;tags;type,fields:list,ACCESS_TOKEN,blocked[no-static-corp-scope]@internal/server/server.go,internal/server/server.go
dashboard,GET,/autoTag/show,web/legacy/dashboard/src/api/autoTag.js,params:id,fields:auto_tag;statistics,ACCESS_TOKEN,blocked[no-static-corp-scope]@internal/server/server.go,internal/server/server.go
dashboard,GET,/autoTag/showContactKeyWord,web/legacy/dashboard/src/api/autoTag.js,params:contact_name;employee;end_time;id;page;perPage;start_time,fields:list,ACCESS_TOKEN,blocked[no-static-corp-scope]@internal/server/server.go,internal/server/server.go
dashboard,GET,/autoTag/showContactRoom,web/legacy/dashboard/src/api/autoTag.js,params:contact_name;employee;end_time;id;join_scene;page;perPage;room_name;start_time,fields:list,ACCESS_TOKEN,blocked[no-static-corp-scope]@internal/server/server.go,internal/server/server.go
dashboard,GET,/autoTag/showContactTime,web/legacy/dashboard/src/api/autoTag.js,params:contact_name;employee;end_time;id;page;perPage;start_time,fields:list,ACCESS_TOKEN,blocked[no-static-corp-scope]@internal/server/server.go,internal/server/server.go
dashboard,GET,/channelCode/contact,web/legacy/dashboard/src/api/channelCode.js,params:channelCodeId;page;perPage,fields:list;page,ACCESS_TOKEN,blocked[no-static-corp-scope]@git:3dcd216c188df34f2c3ed489b8e8b9473e635488:api-server/plugin/mochat/channel-code/src/Action/Dashboard/Contact.php#L44,internal/server/server.go
dashboard,GET,/channelCode/index,web/legacy/dashboard/src/api/channelCode.js,params:groupId;name;page;perPage;type,fields:list;page,ACCESS_TOKEN,blocked[no-static-corp-scope]@git:3dcd216c188df34f2c3ed489b8e8b9473e635488:api-server/plugin/mochat/channel-code/src/Action/Dashboard/Index.php#L42,internal/server/server.go
dashboard,GET,/channelCode/show,web/legacy/dashboard/src/api/channelCode.js,params:channelCodeId,fields:baseInfo;drainageEmployee;welcomeMessage,ACCESS_TOKEN,blocked[no-static-corp-scope]@git:3dcd216c188df34f2c3ed489b8e8b9473e635488:api-server/plugin/mochat/channel-code/src/Action/Dashboard/Show.php#L45,internal/server/server.go
dashboard,GET,/channelCode/statistics,web/legacy/dashboard/src/api/channelCode.js,params:channelCodeId;endTime;startTime;type,fields:addNum;addNumLong;defriendNum;defriendNumLong;deleteNum;deleteNumLong;list;netNum;netNumLong,ACCESS_TOKEN,blocked[no-static-corp-scope]@git:3dcd216c188df34f2c3ed489b8e8b9473e635488:api-server/plugin/mochat/channel-code/src/Action/Dashboard/Statistics.php#L45,internal/server/server.go
dashboard,GET,/channelCode/statisticsIndex,web/legacy/dashboard/src/api/channelCode.js,params:channelCodeId;endTime;page;perPage;startTime;type,fields:list;page,ACCESS_TOKEN,blocked[no-static-corp-scope]@git:3dcd216c188df34f2c3ed489b8e8b9473e635488:api-server/plugin/mochat/channel-code/src/Action/Dashboard/StatisticsIndex.php#L45,internal/server/server.go
dashboard,GET,/channelCodeGroup/index,web/legacy/dashboard/src/api/channelCode.js,params:none,blocked[indirect-response-shape]@git:3dcd216c188df34f2c3ed489b8e8b9473e635488:api-server/plugin/mochat/channel-code/src/Action/Dashboard/Group/Index.php#L40,ACCESS_TOKEN,server-current-enterprise@git:3dcd216c188df34f2c3ed489b8e8b9473e635488:api-server/plugin/mochat/channel-code/src/Action/Dashboard/Group/Index.php#L40,internal/server/server.go
dashboard,GET,/chatTool/config,web/legacy/dashboard/src/api/chatTool.js,params:none,fields:agents;whiteDomains,ACCESS_TOKEN,blocked[no-static-corp-scope]@git:3dcd216c188df34f2c3ed489b8e8b9473e635488:api-server/app/core/chat-tool/src/Action/Dashboard/Index.php#L89,internal/server/server.go
dashboard,GET,/clockIn/index,web/legacy/dashboard/src/api/liveCode.js,params:blocked[no-callsite],blocked[no-static-response-fields]@internal/server/server.go,ACCESS_TOKEN,blocked[no-static-corp-scope]@internal/server/server.go,internal/server/server.go
dashboard,GET,/contactBatchAdd/dataStatistic,web/legacy/dashboard/src/api/contactBatchAdd.js,params:blocked[no-callsite],blocked[no-static-response-fields]@internal/server/server.go,ACCESS_TOKEN,blocked[no-static-corp-scope]@internal/server/server.go,internal/server/server.go
dashboard,GET,/contactBatchAdd/importIndex,web/legacy/dashboard/src/api/contactBatchAdd.js,params:blocked[no-callsite],blocked[no-static-response-fields]@internal/server/server.go,ACCESS_TOKEN,blocked[no-static-corp-scope]@internal/server/server.go,internal/server/server.go
dashboard,GET,/contactBatchAdd/index,web/legacy/dashboard/src/api/contactBatchAdd.js,params:blocked[no-callsite],blocked[no-static-response-fields]@internal/server/server.go,ACCESS_TOKEN,blocked[no-static-corp-scope]@internal/server/server.go,internal/server/server.go
dashboard,GET,/contactBatchAdd/remind,web/legacy/dashboard/src/api/contactBatchAdd.js,params:blocked[no-callsite],blocked[no-static-response-fields]@internal/server/server.go,ACCESS_TOKEN,blocked[no-static-corp-scope]@internal/server/server.go,internal/server/server.go
dashboard,GET,/contactBatchAdd/settingEdit,web/legacy/dashboard/src/api/contactBatchAdd.js,params:blocked[no-callsite],blocked[no-static-response-fields]@internal/server/server.go,ACCESS_TOKEN,blocked[no-static-corp-scope]@internal/server/server.go,internal/server/server.go
dashboard,GET,/contactField/index,web/legacy/dashboard/src/api/contactField.js,params:page;perPage;status,fields:list;page,ACCESS_TOKEN,blocked[no-static-corp-scope]@git:3dcd216c188df34f2c3ed489b8e8b9473e635488:api-server/app/core/work-contact/src/Action/Dashboard/Field/Index.php#L39,internal/server/server.go
dashboard,GET,/contactField/portrait,web/legacy/dashboard/src/api/workContact.js,params:none,blocked[indirect-response-shape]@git:3dcd216c188df34f2c3ed489b8e8b9473e635488:api-server/app/core/work-contact/src/Action/Dashboard/Field/Portrait.php#L42,ACCESS_TOKEN,blocked[no-static-corp-scope]@git:3dcd216c188df34f2c3ed489b8e8b9473e635488:api-server/app/core/work-contact/src/Action/Dashboard/Field/Portrait.php#L42,internal/server/server.go
dashboard,GET,/contactFieldPivot/index,web/legacy/dashboard/src/api/workContact.js,params:contactId,blocked[indirect-response-shape]@git:3dcd216c188df34f2c3ed489b8e8b9473e635488:api-server/app/core/work-contact/src/Action/Dashboard/FieldPivot/Index.php#L54,ACCESS_TOKEN,blocked[no-static-corp-scope]@git:3dcd216c188df34f2c3ed489b8e8b9473e635488:api-server/app/core/work-contact/src/Action/Dashboard/FieldPivot/Index.php#L54,internal/server/server.go
dashboard,GET,/contactMessageBatchSend/contactReceiveIndex,web/legacy/dashboard/src/api/contactMessageBatchSend.js,params:batchId;keyWords;sendStatus,fields:list,ACCESS_TOKEN,blocked[no-static-corp-scope]@git:3dcd216c188df34f2c3ed489b8e8b9473e635488:api-server/plugin/mochat/contact-message-batch-send/src/Action/Dashboard/ContactReceiveIndex.php#L43,internal/server/server.go
dashboard,GET,/contactMessageBatchSend/employeeSendIndex,web/legacy/dashboard/src/api/contactMessageBatchSend.js,params:batchId;keyWords;sendStatus,fields:list,ACCESS_TOKEN,blocked[no-static-corp-scope]@git:3dcd216c188df34f2c3ed489b8e8b9473e635488:api-server/plugin/mochat/contact-message-batch-send/src/Action/Dashboard/EmployeeSendIndex.php#L43,internal/server/server.go
dashboard,GET,/contactMessageBatchSend/index,web/legacy/dashboard/src/api/contactMessageBatchSend.js,params:none,fields:list,ACCESS_TOKEN,blocked[no-static-corp-scope]@git:3dcd216c188df34f2c3ed489b8e8b9473e635488:api-server/plugin/mochat/contact-message-batch-send/src/Action/Dashboard/Index.php#L43,internal/server/server.go
dashboard,GET,/contactMessageBatchSend/messageShow,web/legacy/dashboard/src/api/contactMessageBatchSend.js,params:blocked[no-callsite],blocked[no-static-response-fields]@internal/server/server.go,ACCESS_TOKEN,blocked[no-static-corp-scope]@internal/server/server.go,internal/server/server.go
dashboard,GET,/contactMessageBatchSend/show,web/legacy/dashboard/src/api/contactMessageBatchSend.js,params:batchId,blocked[indirect-response-shape]@git:3dcd216c188df34f2c3ed489b8e8b9473e635488:api-server/plugin/mochat/contact-message-batch-send/src/Action/Dashboard/Show.php#L43,ACCESS_TOKEN,blocked[no-static-corp-scope]@git:3dcd216c188df34f2c3ed489b8e8b9473e635488:api-server/plugin/mochat/contact-message-batch-send/src/Action/Dashboard/Show.php#L43,internal/server/server.go
dashboard,GET,/contactMessageBatchSend/showRoom,web/legacy/dashboard/src/api/workRoom.js,params:workRoomId,blocked[indirect-response-shape]@git:3dcd216c188df34f2c3ed489b8e8b9473e635488:api-server/plugin/mochat/contact-message-batch-send/src/Action/Dashboard/ShowRoom.php#L64,ACCESS_TOKEN,blocked[no-static-corp-scope]@git:3dcd216c188df34f2c3ed489b8e8b9473e635488:api-server/plugin/mochat/contact-message-batch-send/src/Action/Dashboard/ShowRoom.php#L64,internal/server/server.go
dashboard,GET,/contactSop/index,web/legacy/dashboard/src/api/contactSop.js,params:blocked[no-callsite],blocked[no-static-response-fields]@internal/server/server.go,ACCESS_TOKEN,blocked[no-static-corp-scope]@internal/server/server.go,internal/server/server.go
dashboard,GET,/contactSop/info,web/legacy/dashboard/src/api/contactSop.js,params:blocked[no-callsite],blocked[no-static-response-fields]@internal/server/server.go,ACCESS_TOKEN,blocked[no-static-corp-scope]@internal/server/server.go,internal/server/server.go
dashboard,GET,/contactTransfer/info,web/legacy/dashboard/src/api/contactTransfer.js,params:list;takeoverUserId;type,blocked[indirect-response-shape]@git:3dcd216c188df34f2c3ed489b8e8b9473e635488:api-server/plugin/mochat/contact-transfer/src/Action/Dashboard/Info.php#L52,ACCESS_TOKEN,server-current-enterprise@git:3dcd216c188df34f2c3ed489b8e8b9473e635488:api-server/plugin/mochat/contact-transfer/src/Action/Dashboard/Info.php#L52,internal/server/server.go
dashboard,GET,/contactTransfer/log,web/legacy/dashboard/src/api/contactTransfer.js,params:createTimeEnd;createTimeStart;employeeId;mode;name;staffName,blocked[indirect-response-shape]@git:3dcd216c188df34f2c3ed489b8e8b9473e635488:api-server/plugin/mochat/contact-transfer/src/Action/Dashboard/Log.php#L53,ACCESS_TOKEN,server-current-enterprise@git:3dcd216c188df34f2c3ed489b8e8b9473e635488:api-server/plugin/mochat/contact-transfer/src/Action/Dashboard/Log.php#L53,internal/server/server.go
dashboard,GET,/contactTransfer/room,web/legacy/dashboard/src/api/contactTransfer.js,params:list;takeoverUserId;type,blocked[indirect-response-shape]@git:3dcd216c188df34f2c3ed489b8e8b9473e635488:api-server/plugin/mochat/contact-transfer/src/Action/Dashboard/Room.php#L53,ACCESS_TOKEN,server-current-enterprise@git:3dcd216c188df34f2c3ed489b8e8b9473e635488:api-server/plugin/mochat/contact-transfer/src/Action/Dashboard/Room.php#L53,internal/server/server.go
dashboard,GET,/contactTransfer/saveUnassignedList,web/legacy/dashboard/src/api/contactTransfer.js,params:blocked[no-callsite],fields:none,ACCESS_TOKEN,server-current-enterprise@git:3dcd216c188df34f2c3ed489b8e8b9473e635488:api-server/plugin/mochat/contact-transfer/src/Action/Dashboard/SaveUnassignedList.php#L55,internal/server/server.go
dashboard,GET,/contactTransfer/unassignedList,web/legacy/dashboard/src/api/contactTransfer.js,params:list;takeoverUserId;type,fields:lastTime;list,ACCESS_TOKEN,server-current-enterprise@git:3dcd216c188df34f2c3ed489b8e8b9473e635488:api-server/plugin/mochat/contact-transfer/src/Action/Dashboard/UnassignedList.php#L53,internal/server/server.go
dashboard,GET,/corpData/index,web/legacy/dashboard/src/api/corpData.js,params:none,fields:addContactNum;addFriendsNum;addIntoRoomNum;corpMemberNum;lastAddContactNum;lastAddFriendsNum;lastAddIntoRoomNum;lastLossContactNum;lastMonthAddRoomMemberNum;lastMonthAddRoomNum;lastMonthLossContactNum;lastQuitRoomNum;lossContactNum;monthAddRoomMemberNum;monthAddRoomNum;monthLossContactNum;quitRoomNum;roomMemberNum;updateTime;weChatContactNum;weChatRoomNum,ACCESS_TOKEN,server-current-enterprise@git:3dcd216c188df34f2c3ed489b8e8b9473e635488:api-server/app/core/index/src/Action/Dashboard/Index.php#L49,internal/server/server.go
dashboard,GET,/corpData/lineChat,web/legacy/dashboard/src/api/corpData.js,params:none,blocked[indirect-response-shape]@git:3dcd216c188df34f2c3ed489b8e8b9473e635488:api-server/app/core/index/src/Action/Dashboard/LineChat.php#L42,ACCESS_TOKEN,server-current-enterprise@git:3dcd216c188df34f2c3ed489b8e8b9473e635488:api-server/app/core/index/src/Action/Dashboard/LineChat.php#L42,internal/server/server.go
dashboard,GET,/external/tenantIndex,web/legacy/dashboard/src/api/corpData.js,params:domain,fields:guide;license;licenseContactLink;news,ACCESS_TOKEN,blocked[no-static-corp-scope]@internal/server/server.go,internal/server/server.go
dashboard,GET,/greeting/index,web/legacy/dashboard/src/api/greeting.js,params:page;perPage,fields:hadEmployees;hadGeneral;list;page,ACCESS_TOKEN,blocked[no-static-corp-scope]@git:3dcd216c188df34f2c3ed489b8e8b9473e635488:api-server/plugin/mochat/greeting/src/Action/Dashboard/Index.php#L41,internal/server/server.go
dashboard,GET,/greeting/show,web/legacy/dashboard/src/api/greeting.js,params:greetingId,fields:employees;greetingId;mediumContent;mediumId;rangeType;words,ACCESS_TOKEN,blocked[no-static-corp-scope]@git:3dcd216c188df34f2c3ed489b8e8b9473e635488:api-server/plugin/mochat/greeting/src/Action/Dashboard/Show.php#L57,internal/server/server.go
dashboard,GET,/lottery/index,web/legacy/dashboard/src/api/lottery.js,params:blocked[no-callsite],blocked[no-static-response-fields]@internal/server/server.go,ACCESS_TOKEN,blocked[no-static-corp-scope]@internal/server/server.go,internal/server/server.go
dashboard,GET,/lottery/info,web/legacy/dashboard/src/api/lottery.js,params:blocked[no-callsite],blocked[no-static-response-fields]@internal/server/server.go,ACCESS_TOKEN,blocked[no-static-corp-scope]@internal/server/server.go,internal/server/server.go
dashboard,GET,/lottery/share,web/legacy/dashboard/src/api/lottery.js,params:blocked[no-callsite],blocked[no-static-response-fields]@internal/server/server.go,ACCESS_TOKEN,blocked[no-static-corp-scope]@internal/server/server.go,internal/server/server.go
dashboard,GET,/lottery/show,web/legacy/dashboard/src/api/lottery.js,params:blocked[no-callsite],blocked[no-static-response-fields]@internal/server/server.go,ACCESS_TOKEN,blocked[no-static-corp-scope]@internal/server/server.go,internal/server/server.go
dashboard,GET,/lottery/writeOff,web/legacy/dashboard/src/api/lottery.js,params:blocked[no-callsite],blocked[no-static-response-fields]@internal/server/server.go,ACCESS_TOKEN,blocked[no-static-corp-scope]@internal/server/server.go,internal/server/server.go
dashboard,GET,/medium/index,web/legacy/dashboard/src/api/mediumGroup.js,params:mediumGroupId;page;perPage;searchStr;searchValue;type,fields:list;page,ACCESS_TOKEN,blocked[no-static-corp-scope]@git:3dcd216c188df34f2c3ed489b8e8b9473e635488:api-server/app/core/medium/src/Action/Dashboard/Index.php#L43,internal/server/server.go
dashboard,GET,/medium/show,web/legacy/dashboard/src/api/mediumGroup.js,params:id,blocked[indirect-response-shape]@git:3dcd216c188df34f2c3ed489b8e8b9473e635488:api-server/app/core/medium/src/Action/Dashboard/Show.php#L38,ACCESS_TOKEN,blocked[no-static-corp-scope]@git:3dcd216c188df34f2c3ed489b8e8b9473e635488:api-server/app/core/medium/src/Action/Dashboard/Show.php#L38,internal/server/server.go
dashboard,GET,/mediumGroup/index,web/legacy/dashboard/src/api/mediumGroup.js,params:none,blocked[indirect-response-shape]@git:3dcd216c188df34f2c3ed489b8e8b9473e635488:api-server/app/core/medium/src/Action/Dashboard/Group/Index.php#L36,ACCESS_TOKEN,blocked[no-static-corp-scope]@git:3dcd216c188df34f2c3ed489b8e8b9473e635488:api-server/app/core/medium/src/Action/Dashboard/Group/Index.php#L36,internal/server/server.go
dashboard,GET,/officialAccount/getPreAuthUrl,web/legacy/dashboard/src/api/officialAccount.js,params:none,fields:url,ACCESS_TOKEN,server-current-enterprise@git:3dcd216c188df34f2c3ed489b8e8b9473e635488:api-server/app/core/official-account/src/Action/Dashboard/GetPreAuthUrl.php#L64,internal/server/server.go
dashboard,GET,/officialAccount/index,web/legacy/dashboard/src/api/lottery.js,params:none,blocked[indirect-response-shape]@git:3dcd216c188df34f2c3ed489b8e8b9473e635488:api-server/app/core/official-account/src/Action/Dashboard/Index.php#L78,ACCESS_TOKEN,server-current-enterprise@git:3dcd216c188df34f2c3ed489b8e8b9473e635488:api-server/app/core/official-account/src/Action/Dashboard/Index.php#L78,internal/server/server.go
dashboard,GET,/radar/index,web/legacy/dashboard/src/api/radar.js,params:blocked[no-callsite],blocked[no-static-response-fields]@internal/server/server.go,ACCESS_TOKEN,blocked[no-static-corp-scope]@internal/server/server.go,internal/server/server.go
dashboard,GET,/radar/indexChannel,web/legacy/dashboard/src/api/radar.js,params:radar_id,fields:list,ACCESS_TOKEN,blocked[no-static-corp-scope]@internal/server/server.go,internal/server/server.go
dashboard,GET,/radar/indexChannelLink,web/legacy/dashboard/src/api/radar.js,params:radar_id,fields:list,ACCESS_TOKEN,blocked[no-static-corp-scope]@internal/server/server.go,internal/server/server.go
dashboard,GET,/radar/info,web/legacy/dashboard/src/api/radar.js,params:blocked[no-callsite],blocked[no-static-response-fields]@internal/server/server.go,ACCESS_TOKEN,blocked[no-static-corp-scope]@internal/server/server.go,internal/server/server.go
dashboard,GET,/radar/radarArticle,web/legacy/dashboard/src/api/radar.js,params:blocked[no-callsite],blocked[no-static-response-fields]@internal/server/server.go,ACCESS_TOKEN,blocked[no-static-corp-scope]@internal/server/server.go,internal/server/server.go
dashboard,GET,/radar/show,web/legacy/dashboard/src/api/radar.js,params:blocked[no-callsite],blocked[no-static-response-fields]@internal/server/server.go,ACCESS_TOKEN,blocked[no-static-corp-scope]@internal/server/server.go,internal/server/server.go
dashboard,GET,/radar/showChannel,web/legacy/dashboard/src/api/radar.js,params:blocked[no-callsite],blocked[no-static-response-fields]@internal/server/server.go,ACCESS_TOKEN,blocked[no-static-corp-scope]@internal/server/server.go,internal/server/server.go
dashboard,GET,/radar/showContact,web/legacy/dashboard/src/api/radar.js,params:channelId;radar_id;type,fields:list,ACCESS_TOKEN,blocked[no-static-corp-scope]@internal/server/server.go,internal/server/server.go
dashboard,GET,/role/index,web/legacy/dashboard/src/api/role.js,params:name;page;perPage,blocked[indirect-response-shape]@git:3dcd216c188df34f2c3ed489b8e8b9473e635488:api-server/app/core/rbac/src/Action/Dashboard/Role/Index.php#L47,ACCESS_TOKEN,server-current-enterprise@git:3dcd216c188df34f2c3ed489b8e8b9473e635488:api-server/app/core/rbac/src/Action/Dashboard/Role/Index.php#L47,internal/server/server.go
dashboard,GET,/role/permissionByUser,web/legacy/dashboard/src/api/permission.js,data:none,blocked[indirect-response-shape]@git:3dcd216c188df34f2c3ed489b8e8b9473e635488:api-server/app/core/rbac/src/Action/Dashboard/Role/PermissionByUser.php#L70,ACCESS_TOKEN,blocked[no-static-corp-scope]@git:3dcd216c188df34f2c3ed489b8e8b9473e635488:api-server/app/core/rbac/src/Action/Dashboard/Role/PermissionByUser.php#L70,internal/server/server.go
dashboard,GET,/role/permissionShow,web/legacy/dashboard/src/api/role.js,params:roleId,blocked[indirect-response-shape]@git:3dcd216c188df34f2c3ed489b8e8b9473e635488:api-server/app/core/rbac/src/Action/Dashboard/Role/PermissionShow.php#L44,ACCESS_TOKEN,blocked[no-static-corp-scope]@git:3dcd216c188df34f2c3ed489b8e8b9473e635488:api-server/app/core/rbac/src/Action/Dashboard/Role/PermissionShow.php#L44,internal/server/server.go
dashboard,GET,/role/select,web/legacy/dashboard/src/api/user.js,params:none,blocked[indirect-response-shape]@git:3dcd216c188df34f2c3ed489b8e8b9473e635488:api-server/app/core/rbac/src/Action/Dashboard/Role/Select.php#L43,ACCESS_TOKEN,blocked[no-static-corp-scope]@git:3dcd216c188df34f2c3ed489b8e8b9473e635488:api-server/app/core/rbac/src/Action/Dashboard/Role/Select.php#L43,internal/server/server.go
dashboard,GET,/role/show,web/legacy/dashboard/src/api/role.js,params:roleId,fields:dataPermission;name;remarks;roleId,ACCESS_TOKEN,server-current-enterprise@git:3dcd216c188df34f2c3ed489b8e8b9473e635488:api-server/app/core/rbac/src/Action/Dashboard/Role/Show.php#L52,internal/server/server.go
dashboard,GET,/role/showEmployee,web/legacy/dashboard/src/api/role.js,params:page;perPage;roleId,blocked[indirect-response-shape]@git:3dcd216c188df34f2c3ed489b8e8b9473e635488:api-server/app/core/rbac/src/Action/Dashboard/Role/ShowEmployee.php#L47,ACCESS_TOKEN,server-current-enterprise@git:3dcd216c188df34f2c3ed489b8e8b9473e635488:api-server/app/core/rbac/src/Action/Dashboard/Role/ShowEmployee.php#L47,internal/server/server.go
dashboard,GET,/roomCalendar/index,web/legacy/dashboard/src/api/roomCalendar.js,params:blocked[no-callsite],blocked[no-static-response-fields]@internal/server/server.go,ACCESS_TOKEN,blocked[no-static-corp-scope]@internal/server/server.go,internal/server/server.go
dashboard,GET,/roomCalendar/show,web/legacy/dashboard/src/api/roomCalendar.js,params:blocked[no-callsite],blocked[no-static-response-fields]@internal/server/server.go,ACCESS_TOKEN,blocked[no-static-corp-scope]@internal/server/server.go,internal/server/server.go
dashboard,GET,/roomClockIn/dayDetail,web/legacy/dashboard/src/api/roomClockIn.js,params:blocked[no-callsite],blocked[no-static-response-fields]@internal/server/server.go,ACCESS_TOKEN,blocked[no-static-corp-scope]@internal/server/server.go,internal/server/server.go
dashboard,GET,/roomClockIn/index,web/legacy/dashboard/src/api/roomClockIn.js,params:blocked[no-callsite],blocked[no-static-response-fields]@internal/server/server.go,ACCESS_TOKEN,blocked[no-static-corp-scope]@internal/server/server.go,internal/server/server.go
dashboard,GET,/roomClockIn/info,web/legacy/dashboard/src/api/roomClockIn.js,params:blocked[no-callsite],blocked[no-static-response-fields]@internal/server/server.go,ACCESS_TOKEN,blocked[no-static-corp-scope]@internal/server/server.go,internal/server/server.go
dashboard,GET,/roomClockIn/show,web/legacy/dashboard/src/api/roomClockIn.js,params:blocked[no-callsite],blocked[no-static-response-fields]@internal/server/server.go,ACCESS_TOKEN,blocked[no-static-corp-scope]@internal/server/server.go,internal/server/server.go
dashboard,GET,/roomClockIn/showContact,web/legacy/dashboard/src/api/roomClockIn.js,params:blocked[no-callsite],blocked[no-static-response-fields]@internal/server/server.go,ACCESS_TOKEN,blocked[no-static-corp-scope]@internal/server/server.go,internal/server/server.go
dashboard,GET,/roomFission/index,web/legacy/dashboard/src/api/roomFission.js,params:blocked[no-callsite],blocked[no-static-response-fields]@internal/server/server.go,ACCESS_TOKEN,blocked[no-static-corp-scope]@internal/server/server.go,internal/server/server.go
dashboard,GET,/roomFission/info,web/legacy/dashboard/src/api/roomFission.js,params:id,fields:fission;invite;link;poster;rooms;welcome,ACCESS_TOKEN,blocked[no-static-corp-scope]@internal/server/server.go,internal/server/server.go
dashboard,GET,/roomFission/show,web/legacy/dashboard/src/api/roomFission.js,params:blocked[no-callsite],blocked[no-static-response-fields]@internal/server/server.go,ACCESS_TOKEN,blocked[no-static-corp-scope]@internal/server/server.go,internal/server/server.go
dashboard,GET,/roomFission/showContact,web/legacy/dashboard/src/api/roomFission.js,params:blocked[no-callsite],blocked[no-static-response-fields]@internal/server/server.go,ACCESS_TOKEN,blocked[no-static-corp-scope]@internal/server/server.go,internal/server/server.go
dashboard,GET,/roomFission/showRoom,web/legacy/dashboard/src/api/roomFission.js,params:blocked[no-callsite],blocked[no-static-response-fields]@internal/server/server.go,ACCESS_TOKEN,blocked[no-static-corp-scope]@internal/server/server.go,internal/server/server.go
dashboard,GET,/roomFission/writeOff,web/legacy/dashboard/src/api/roomFission.js,params:blocked[no-callsite],blocked[no-static-response-fields]@internal/server/server.go,ACCESS_TOKEN,blocked[no-static-corp-scope]@internal/server/server.go,internal/server/server.go
dashboard,GET,/roomInfinitePull/index,web/legacy/dashboard/src/api/roomInfinitePull.js,params:blocked[no-callsite],blocked[no-static-response-fields]@internal/server/server.go,ACCESS_TOKEN,blocked[no-static-corp-scope]@internal/server/server.go,internal/server/server.go
dashboard,GET,/roomInfinitePull/info,web/legacy/dashboard/src/api/roomInfinitePull.js,params:blocked[no-callsite],blocked[no-static-response-fields]@internal/server/server.go,ACCESS_TOKEN,blocked[no-static-corp-scope]@internal/server/server.go,internal/server/server.go
dashboard,GET,/roomMessageBatchSend/index,web/legacy/dashboard/src/api/roomMessageBatchSend.js,params:batchTitle;page;perPage,blocked[indirect-response-shape]@git:3dcd216c188df34f2c3ed489b8e8b9473e635488:api-server/plugin/mochat/room-message-batch-send/src/Action/Dashboard/Index.php#L53,ACCESS_TOKEN,blocked[no-static-corp-scope]@git:3dcd216c188df34f2c3ed489b8e8b9473e635488:api-server/plugin/mochat/room-message-batch-send/src/Action/Dashboard/Index.php#L53,internal/server/server.go
dashboard,GET,/roomQuality/contactDetail,web/legacy/dashboard/src/api/roomQuality.js,params:blocked[no-callsite],blocked[no-static-response-fields]@internal/server/server.go,ACCESS_TOKEN,blocked[no-static-corp-scope]@internal/server/server.go,internal/server/server.go
dashboard,GET,/roomQuality/index,web/legacy/dashboard/src/api/roomQuality.js,params:blocked[no-callsite],blocked[no-static-response-fields]@internal/server/server.go,ACCESS_TOKEN,blocked[no-static-corp-scope]@internal/server/server.go,internal/server/server.go
dashboard,GET,/roomQuality/info,web/legacy/dashboard/src/api/roomQuality.js,params:blocked[no-callsite],blocked[no-static-response-fields]@internal/server/server.go,ACCESS_TOKEN,blocked[no-static-corp-scope]@internal/server/server.go,internal/server/server.go
dashboard,GET,/roomQuality/showContact,web/legacy/dashboard/src/api/roomQuality.js,params:blocked[no-callsite],blocked[no-static-response-fields]@internal/server/server.go,ACCESS_TOKEN,blocked[no-static-corp-scope]@internal/server/server.go,internal/server/server.go
dashboard,GET,/roomRemind/index,web/legacy/dashboard/src/api/roomRemind.js,params:blocked[no-callsite],blocked[no-static-response-fields]@internal/server/server.go,ACCESS_TOKEN,blocked[no-static-corp-scope]@internal/server/server.go,internal/server/server.go
dashboard,GET,/roomRemind/info,web/legacy/dashboard/src/api/roomRemind.js,params:blocked[no-callsite],blocked[no-static-response-fields]@internal/server/server.go,ACCESS_TOKEN,blocked[no-static-corp-scope]@internal/server/server.go,internal/server/server.go
dashboard,GET,/roomRemind/status,web/legacy/dashboard/src/api/roomRemind.js,params:blocked[no-callsite],blocked[no-static-response-fields]@internal/server/server.go,ACCESS_TOKEN,blocked[no-static-corp-scope]@internal/server/server.go,internal/server/server.go
dashboard,GET,/roomSop/index,web/legacy/dashboard/src/api/roomSop.js,params:blocked[no-callsite],blocked[no-static-response-fields]@internal/server/server.go,ACCESS_TOKEN,blocked[no-static-corp-scope]@internal/server/server.go,internal/server/server.go
dashboard,GET,/roomSop/info,web/legacy/dashboard/src/api/roomSop.js,params:blocked[no-callsite],blocked[no-static-response-fields]@internal/server/server.go,ACCESS_TOKEN,blocked[no-static-corp-scope]@internal/server/server.go,internal/server/server.go
dashboard,GET,/roomTagPull/chooseContact,web/legacy/dashboard/src/api/workRoom.js,params:employees;end_time;gender;is_all;start_time;tag_ids,blocked[indirect-response-shape]@git:3dcd216c188df34f2c3ed489b8e8b9473e635488:api-server/plugin/mochat/room-tag-pull/src/Action/Dashboard/ChooseContact.php#L63,ACCESS_TOKEN,server-current-enterprise@git:3dcd216c188df34f2c3ed489b8e8b9473e635488:api-server/plugin/mochat/room-tag-pull/src/Action/Dashboard/ChooseContact.php#L63,internal/server/server.go
dashboard,GET,/roomTagPull/index,web/legacy/dashboard/src/api/workRoom.js,params:name,fields:list,ACCESS_TOKEN,blocked[no-static-corp-scope]@git:3dcd216c188df34f2c3ed489b8e8b9473e635488:api-server/plugin/mochat/room-tag-pull/src/Action/Dashboard/Index.php#L81,internal/server/server.go
dashboard,GET,/roomTagPull/remindSend,web/legacy/dashboard/src/api/workRoom.js,params:id,blocked[indirect-response-shape]@git:3dcd216c188df34f2c3ed489b8e8b9473e635488:api-server/plugin/mochat/room-tag-pull/src/Action/Dashboard/RemindSend.php#L102,ACCESS_TOKEN,server-current-enterprise@git:3dcd216c188df34f2c3ed489b8e8b9473e635488:api-server/plugin/mochat/room-tag-pull/src/Action/Dashboard/RemindSend.php#L102,internal/server/server.go
dashboard,GET,/roomTagPull/roomList,web/legacy/dashboard/src/api/workRoom.js,params:page;perPage;roomGroupId,blocked[indirect-response-shape]@git:3dcd216c188df34f2c3ed489b8e8b9473e635488:api-server/plugin/mochat/room-tag-pull/src/Action/Dashboard/RoomList.php#L100,ACCESS_TOKEN,server-current-enterprise@git:3dcd216c188df34f2c3ed489b8e8b9473e635488:api-server/plugin/mochat/room-tag-pull/src/Action/Dashboard/RoomList.php#L100,internal/server/server.go
dashboard,GET,/roomTagPull/show,web/legacy/dashboard/src/api/workRoom.js,params:id,fields:employees;rooms,ACCESS_TOKEN,blocked[no-static-corp-scope]@git:3dcd216c188df34f2c3ed489b8e8b9473e635488:api-server/plugin/mochat/room-tag-pull/src/Action/Dashboard/Show.php#L105,internal/server/server.go
dashboard,GET,/roomTagPull/showContact,web/legacy/dashboard/src/api/workRoom.js,params:id;page;perPage;type;blocked[scalar-expression],fields:list,ACCESS_TOKEN,blocked[no-static-corp-scope]@git:3dcd216c188df34f2c3ed489b8e8b9473e635488:api-server/plugin/mochat/room-tag-pull/src/Action/Dashboard/ShowContact.php#L112,internal/server/server.go
dashboard,GET,/roomWelcome/index,web/legacy/dashboard/src/api/roomWelcome.js,data:none,fields:list;page,ACCESS_TOKEN,server-current-enterprise@git:3dcd216c188df34f2c3ed489b8e8b9473e635488:api-server/plugin/mochat/room-welcome/src/Action/Dashboard/Index.php#L42,internal/server/server.go
dashboard,GET,/roomWelcome/show,web/legacy/dashboard/src/api/roomWelcome.js,params:id,blocked[indirect-response-shape]@git:3dcd216c188df34f2c3ed489b8e8b9473e635488:api-server/plugin/mochat/room-welcome/src/Action/Dashboard/Show.php#L50,ACCESS_TOKEN,blocked[no-static-corp-scope]@git:3dcd216c188df34f2c3ed489b8e8b9473e635488:api-server/plugin/mochat/room-welcome/src/Action/Dashboard/Show.php#L50,internal/server/server.go
dashboard,GET,/sensitiveWord/index,web/legacy/dashboard/src/api/sensitiveWords.js,params:blocked[no-callsite],blocked[no-static-response-fields]@internal/server/server.go,ACCESS_TOKEN,blocked[no-static-corp-scope]@internal/server/server.go,internal/server/server.go
dashboard,GET,/sensitiveWordGroup/select,web/legacy/dashboard/src/api/sensitiveWords.js,params:blocked[no-callsite],blocked[no-static-response-fields]@internal/server/server.go,ACCESS_TOKEN,blocked[no-static-corp-scope]@internal/server/server.go,internal/server/server.go
dashboard,GET,/sensitiveWordsMonitor/index,web/legacy/dashboard/src/api/sensitiveWordsMonitor.js,params:blocked[no-callsite],blocked[no-static-response-fields]@internal/server/server.go,ACCESS_TOKEN,blocked[no-static-corp-scope]@internal/server/server.go,internal/server/server.go
dashboard,GET,/sensitiveWordsMonitor/show,web/legacy/dashboard/src/api/sensitiveWordsMonitor.js,params:blocked[no-callsite],blocked[no-static-response-fields]@internal/server/server.go,ACCESS_TOKEN,blocked[no-static-corp-scope]@internal/server/server.go,internal/server/server.go
dashboard,GET,/shopCode/addressKeyWordList,web/legacy/dashboard/src/api/shopCode.js,params:blocked[no-callsite],blocked[no-static-response-fields]@internal/server/server.go,ACCESS_TOKEN,blocked[no-static-corp-scope]@internal/server/server.go,internal/server/server.go
dashboard,GET,/shopCode/index,web/legacy/dashboard/src/api/shopCode.js,params:blocked[no-callsite],blocked[no-static-response-fields]@internal/server/server.go,ACCESS_TOKEN,blocked[no-static-corp-scope]@internal/server/server.go,internal/server/server.go
dashboard,GET,/shopCode/info,web/legacy/dashboard/src/api/shopCode.js,params:blocked[no-callsite],blocked[no-static-response-fields]@internal/server/server.go,ACCESS_TOKEN,blocked[no-static-corp-scope]@internal/server/server.go,internal/server/server.go
dashboard,GET,/shopCode/location,web/legacy/dashboard/src/api/shopCode.js,params:blocked[no-callsite],blocked[no-static-response-fields]@internal/server/server.go,ACCESS_TOKEN,blocked[no-static-corp-scope]@internal/server/server.go,internal/server/server.go
dashboard,GET,/shopCode/pageInfo,web/legacy/dashboard/src/api/shopCode.js,params:blocked[no-callsite],blocked[no-static-response-fields]@internal/server/server.go,ACCESS_TOKEN,blocked[no-static-corp-scope]@internal/server/server.go,internal/server/server.go
dashboard,GET,/shopCode/searchCity,web/legacy/dashboard/src/api/shopCode.js,params:blocked[no-callsite],blocked[no-static-response-fields]@internal/server/server.go,ACCESS_TOKEN,blocked[no-static-corp-scope]@internal/server/server.go,internal/server/server.go
dashboard,GET,/shopCode/share,web/legacy/dashboard/src/api/shopCode.js,params:blocked[no-callsite],blocked[no-static-response-fields]@internal/server/server.go,ACCESS_TOKEN,blocked[no-static-corp-scope]@internal/server/server.go,internal/server/server.go
dashboard,GET,/shopCode/show,web/legacy/dashboard/src/api/shopCode.js,params:blocked[no-callsite],blocked[no-static-response-fields]@internal/server/server.go,ACCESS_TOKEN,blocked[no-static-corp-scope]@internal/server/server.go,internal/server/server.go
dashboard,GET,/shopCode/showContact,web/legacy/dashboard/src/api/shopCode.js,params:blocked[no-callsite],blocked[no-static-response-fields]@internal/server/server.go,ACCESS_TOKEN,blocked[no-static-corp-scope]@internal/server/server.go,internal/server/server.go
dashboard,GET,/shopCode/showShop,web/legacy/dashboard/src/api/shopCode.js,params:blocked[no-callsite],blocked[no-static-response-fields]@internal/server/server.go,ACCESS_TOKEN,blocked[no-static-corp-scope]@internal/server/server.go,internal/server/server.go
dashboard,GET,/statistic/employeeCounts,web/legacy/dashboard/src/api/statistic.js,params:endTime;startTime,fields:table;total,ACCESS_TOKEN,server-current-enterprise@git:3dcd216c188df34f2c3ed489b8e8b9473e635488:api-server/plugin/mochat/statistic/src/Action/Dashboard/EmployeeCounts.php#L65,internal/server/server.go
dashboard,GET,/statistic/employees,web/legacy/dashboard/src/api/statistic.js,params:endTime;startTime,blocked[indirect-response-shape]@git:3dcd216c188df34f2c3ed489b8e8b9473e635488:api-server/plugin/mochat/statistic/src/Action/Dashboard/Employees.php#L65,ACCESS_TOKEN,server-current-enterprise@git:3dcd216c188df34f2c3ed489b8e8b9473e635488:api-server/plugin/mochat/statistic/src/Action/Dashboard/Employees.php#L65,internal/server/server.go
dashboard,GET,/statistic/employeesTrend,web/legacy/dashboard/src/api/statistic.js,params:employees;endTime;mode;startTime,fields:list,ACCESS_TOKEN,server-current-enterprise@git:3dcd216c188df34f2c3ed489b8e8b9473e635488:api-server/plugin/mochat/statistic/src/Action/Dashboard/EmployeesTrend.php#L65,internal/server/server.go
dashboard,GET,/statistic/index,web/legacy/dashboard/src/api/statistic.js,params:employeeId;endTime;mode;startTime,fields:any;table;today,ACCESS_TOKEN,blocked[no-static-corp-scope]@git:3dcd216c188df34f2c3ed489b8e8b9473e635488:api-server/plugin/mochat/statistic/src/Action/Dashboard/Index.php#L52,internal/server/server.go
dashboard,GET,/statistic/topList,web/legacy/dashboard/src/api/statistic.js,params:none,fields:list,ACCESS_TOKEN,blocked[no-static-corp-scope]@git:3dcd216c188df34f2c3ed489b8e8b9473e635488:api-server/plugin/mochat/statistic/src/Action/Dashboard/TopList.php#L53,internal/server/server.go
dashboard,GET,/Task/AutoTag/KeyWordTag,web/legacy/dashboard/src/api/autoTag.js,params:blocked[no-callsite],blocked[no-static-response-fields]@internal/server/server.go,ACCESS_TOKEN,blocked[no-static-corp-scope]@internal/server/server.go,internal/server/server.go
dashboard,GET,/task/roomRemind,web/legacy/dashboard/src/api/roomRemind.js,params:blocked[no-callsite],blocked[no-static-response-fields]@internal/server/server.go,ACCESS_TOKEN,blocked[no-static-corp-scope]@internal/server/server.go,internal/server/server.go
dashboard,GET,/user/index,web/legacy/dashboard/src/api/user.js,params:page;perPage;phone;status,fields:list;normalNum;notEnabledNum;page,ACCESS_TOKEN,blocked[no-static-corp-scope]@git:3dcd216c188df34f2c3ed489b8e8b9473e635488:api-server/app/core/user/src/Action/Dashboard/Index.php#L41,internal/server/server.go
dashboard,GET,/user/show,web/legacy/dashboard/src/api/user.js,params:userId,fields:userId,ACCESS_TOKEN,server-current-enterprise@git:3dcd216c188df34f2c3ed489b8e8b9473e635488:api-server/app/core/user/src/Action/Dashboard/Show.php#L78,internal/server/server.go
dashboard,GET,/workContact/index,web/legacy/dashboard/src/api/workContact.js,params:addWay;businessNo;employeeId;endTime;fieldId;fieldType;fieldValue;gender;groupNum;keyWords;page;perPage;remark;roomId;startTime,fields:list;page,ACCESS_TOKEN,server-current-enterprise@git:3dcd216c188df34f2c3ed489b8e8b9473e635488:api-server/app/core/work-contact/src/Action/Dashboard/Index.php#L44,internal/server/server.go
dashboard,GET,/workContact/lossContact,web/legacy/dashboard/src/api/lossContact.js,params:employeeId;page;perPage,fields:list;page,ACCESS_TOKEN,server-current-enterprise@git:3dcd216c188df34f2c3ed489b8e8b9473e635488:api-server/app/core/work-contact/src/Action/Dashboard/LossContact.php#L47,internal/server/server.go
dashboard,GET,/workContact/show,web/legacy/dashboard/src/api/workContact.js,params:contactId;employeeId,fields:businessNo;description;remark;tag,ACCESS_TOKEN,blocked[no-static-corp-scope]@git:3dcd216c188df34f2c3ed489b8e8b9473e635488:api-server/app/core/work-contact/src/Action/Dashboard/Show.php#L45,internal/server/server.go
dashboard,GET,/workContact/source,web/legacy/dashboard/src/api/workContact.js,params:none,blocked[indirect-response-shape]@git:3dcd216c188df34f2c3ed489b8e8b9473e635488:api-server/app/core/work-contact/src/Action/Dashboard/Source.php#L32,ACCESS_TOKEN,blocked[no-static-corp-scope]@git:3dcd216c188df34f2c3ed489b8e8b9473e635488:api-server/app/core/work-contact/src/Action/Dashboard/Source.php#L32,internal/server/server.go
dashboard,GET,/workContact/track,web/legacy/dashboard/src/api/workContact.js,params:contactId,blocked[indirect-response-shape]@git:3dcd216c188df34f2c3ed489b8e8b9473e635488:api-server/app/core/work-contact/src/Action/Dashboard/Track.php#L46,ACCESS_TOKEN,blocked[no-static-corp-scope]@git:3dcd216c188df34f2c3ed489b8e8b9473e635488:api-server/app/core/work-contact/src/Action/Dashboard/Track.php#L46,internal/server/server.go
dashboard,GET,/workContactRoom/index,web/legacy/dashboard/src/api/workRoom.js,params:endTime;name;page;perPage;roomGroupId;startTime;status;workRoomId;workRoomName;workRoomOwnerId;workRoomStatus,fields:list;memberNum;outRoomNum,ACCESS_TOKEN,blocked[no-static-corp-scope]@git:3dcd216c188df34f2c3ed489b8e8b9473e635488:api-server/app/core/work-contact/src/Action/Dashboard/Room/Index.php#L41,internal/server/server.go
dashboard,GET,/workContactTag/allTag,web/legacy/dashboard/src/api/workContact.js,params:groupId,blocked[indirect-response-shape]@git:3dcd216c188df34f2c3ed489b8e8b9473e635488:api-server/app/core/work-contact/src/Action/Dashboard/Tag/AllTag.php#L40,ACCESS_TOKEN,server-current-enterprise@git:3dcd216c188df34f2c3ed489b8e8b9473e635488:api-server/app/core/work-contact/src/Action/Dashboard/Tag/AllTag.php#L40,internal/server/server.go
dashboard,GET,/workContactTag/contactTagList,web/legacy/dashboard/src/api/roomClockIn.js,params:name;page;perPage;blocked[dynamic-expression],blocked[indirect-response-shape]@git:3dcd216c188df34f2c3ed489b8e8b9473e635488:api-server/app/core/work-contact/src/Action/Dashboard/Tag/ContactTagList.php#L62,ACCESS_TOKEN,server-current-enterprise@git:3dcd216c188df34f2c3ed489b8e8b9473e635488:api-server/app/core/work-contact/src/Action/Dashboard/Tag/ContactTagList.php#L62,internal/server/server.go
dashboard,GET,/workContactTag/detail,web/legacy/dashboard/src/api/workContactTag.js,params:tagId,fields:groupId;tagId;tagName,ACCESS_TOKEN,blocked[no-static-corp-scope]@git:3dcd216c188df34f2c3ed489b8e8b9473e635488:api-server/app/core/work-contact/src/Action/Dashboard/Tag/Detail.php#L43,internal/server/server.go
dashboard,GET,/workContactTag/index,web/legacy/dashboard/src/api/workContactTag.js,params:groupId;page;perPage,fields:list;page;syncTagTime,ACCESS_TOKEN,server-current-enterprise@git:3dcd216c188df34f2c3ed489b8e8b9473e635488:api-server/app/core/work-contact/src/Action/Dashboard/Tag/Index.php#L55,internal/server/server.go
dashboard,GET,/workContactTagGroup/detail,web/legacy/dashboard/src/api/workContactTag.js,params:blocked[no-callsite],blocked[indirect-response-shape]@git:3dcd216c188df34f2c3ed489b8e8b9473e635488:api-server/app/core/work-contact/src/Action/Dashboard/TagGroup/Detail.php#L43,ACCESS_TOKEN,blocked[no-static-corp-scope]@git:3dcd216c188df34f2c3ed489b8e8b9473e635488:api-server/app/core/work-contact/src/Action/Dashboard/TagGroup/Detail.php#L43,internal/server/server.go
dashboard,GET,/workContactTagGroup/index,web/legacy/dashboard/src/api/workContactTag.js,params:none,blocked[indirect-response-shape]@git:3dcd216c188df34f2c3ed489b8e8b9473e635488:api-server/app/core/work-contact/src/Action/Dashboard/TagGroup/Index.php#L40,ACCESS_TOKEN,server-current-enterprise@git:3dcd216c188df34f2c3ed489b8e8b9473e635488:api-server/app/core/work-contact/src/Action/Dashboard/TagGroup/Index.php#L40,internal/server/server.go
dashboard,GET,/workDepartment/index,web/legacy/dashboard/src/api/channelCode.js,params:searchKeyWords,fields:department;employee,ACCESS_TOKEN,server-current-enterprise@git:3dcd216c188df34f2c3ed489b8e8b9473e635488:api-server/app/core/work-department/src/Action/Dashboard/Index.php#L53,internal/server/server.go
dashboard,GET,/workDepartment/memberIndex,web/legacy/dashboard/src/api/channelCode.js,params:blocked[no-callsite],blocked[no-static-response-fields]@internal/server/server.go,ACCESS_TOKEN,blocked[no-static-corp-scope]@internal/server/server.go,internal/server/server.go
dashboard,GET,/workDepartment/pageIndex,web/legacy/dashboard/src/api/department.js,params:name;page;parentName;perPage,blocked[indirect-response-shape]@git:3dcd216c188df34f2c3ed489b8e8b9473e635488:api-server/app/core/work-department/src/Action/Dashboard/PageIndex.php#L54,ACCESS_TOKEN,server-current-enterprise@git:3dcd216c188df34f2c3ed489b8e8b9473e635488:api-server/app/core/work-department/src/Action/Dashboard/PageIndex.php#L54,internal/server/server.go
dashboard,GET,/workDepartment/selectByPhone,web/legacy/dashboard/src/api/user.js,params:phone,blocked[indirect-response-shape]@git:3dcd216c188df34f2c3ed489b8e8b9473e635488:api-server/app/core/work-department/src/Action/Dashboard/SelectByPhone.php#L57,ACCESS_TOKEN,server-current-enterprise@git:3dcd216c188df34f2c3ed489b8e8b9473e635488:api-server/app/core/work-department/src/Action/Dashboard/SelectByPhone.php#L57,internal/server/server.go
dashboard,GET,/workDepartment/showEmployee,web/legacy/dashboard/src/api/department.js,params:departmentId;page;perPage,blocked[indirect-response-shape]@git:3dcd216c188df34f2c3ed489b8e8b9473e635488:api-server/app/core/work-department/src/Action/Dashboard/ShowEmployee.php#L54,ACCESS_TOKEN,server-current-enterprise@git:3dcd216c188df34f2c3ed489b8e8b9473e635488:api-server/app/core/work-department/src/Action/Dashboard/ShowEmployee.php#L54,internal/server/server.go
dashboard,GET,/workEmployee/index,web/legacy/dashboard/src/api/workEmployee.js,params:contactAuth;name;page;perPage;status,fields:list;page,ACCESS_TOKEN,explicit:corpId@git:3dcd216c188df34f2c3ed489b8e8b9473e635488:api-server/app/core/work-employee/src/Action/Dashboard/Index.php#L38,internal/server/server.go
dashboard,GET,/workEmployee/searchCondition,web/legacy/dashboard/src/api/workEmployee.js,data:none,fields:contactAuth;status;syncTime,ACCESS_TOKEN,server-current-enterprise@git:3dcd216c188df34f2c3ed489b8e8b9473e635488:api-server/app/core/work-employee/src/Action/Dashboard/SearchCondition.php#L34,internal/server/server.go
dashboard,GET,/workEmployeeDepartment/memberIndex,web/legacy/dashboard/src/api/workRoom.js,params:departmentIds,blocked[indirect-response-shape]@git:3dcd216c188df34f2c3ed489b8e8b9473e635488:api-server/app/core/work-employee/src/Action/Dashboard/Department/MemberIndex.php#L61,ACCESS_TOKEN,blocked[no-static-corp-scope]@git:3dcd216c188df34f2c3ed489b8e8b9473e635488:api-server/app/core/work-employee/src/Action/Dashboard/Department/MemberIndex.php#L61,internal/server/server.go
dashboard,GET,/workFission/chooseContact,web/legacy/dashboard/src/api/workFission.js,params:blocked[no-callsite],blocked[indirect-response-shape]@git:3dcd216c188df34f2c3ed489b8e8b9473e635488:api-server/plugin/mochat/work-fission/src/Action/Dashboard/ChooseContact.php#L76,ACCESS_TOKEN,server-current-enterprise@git:3dcd216c188df34f2c3ed489b8e8b9473e635488:api-server/plugin/mochat/work-fission/src/Action/Dashboard/ChooseContact.php#L76,internal/server/server.go
dashboard,GET,/workFission/index,web/legacy/dashboard/src/api/workFission.js,params:active_name,fields:list,ACCESS_TOKEN,blocked[no-static-corp-scope]@git:3dcd216c188df34f2c3ed489b8e8b9473e635488:api-server/plugin/mochat/work-fission/src/Action/Dashboard/Index.php#L50,internal/server/server.go
dashboard,GET,/workFission/info,web/legacy/dashboard/src/api/workFission.js,params:id,blocked[indirect-response-shape]@git:3dcd216c188df34f2c3ed489b8e8b9473e635488:api-server/plugin/mochat/work-fission/src/Action/Dashboard/Info.php#L93,ACCESS_TOKEN,blocked[no-static-corp-scope]@git:3dcd216c188df34f2c3ed489b8e8b9473e635488:api-server/plugin/mochat/work-fission/src/Action/Dashboard/Info.php#L93,internal/server/server.go
dashboard,GET,/workFission/inviteData,web/legacy/dashboard/src/api/workFission.js,params:fission_ids;page,fields:list;page,ACCESS_TOKEN,server-current-enterprise@git:3dcd216c188df34f2c3ed489b8e8b9473e635488:api-server/plugin/mochat/work-fission/src/Action/Dashboard/InviteData.php#L97,internal/server/server.go
dashboard,GET,/workFission/inviteDetail,web/legacy/dashboard/src/api/workFission.js,params:id,fields:insert;loss;new_count;total_count;user_list,ACCESS_TOKEN,server-current-enterprise@git:3dcd216c188df34f2c3ed489b8e8b9473e635488:api-server/plugin/mochat/work-fission/src/Action/Dashboard/InviteDetail.php#L83,internal/server/server.go
dashboard,GET,/workFission/show,web/legacy/dashboard/src/api/workFission.js,params:id,fields:contact_tags;service_employees,ACCESS_TOKEN,blocked[no-static-corp-scope]@git:3dcd216c188df34f2c3ed489b8e8b9473e635488:api-server/plugin/mochat/work-fission/src/Action/Dashboard/Show.php#L77,internal/server/server.go
dashboard,GET,/workFission/statistics,web/legacy/dashboard/src/api/workFission.js,params:fission_ids,fields:employee,ACCESS_TOKEN,server-current-enterprise@git:3dcd216c188df34f2c3ed489b8e8b9473e635488:api-server/plugin/mochat/work-fission/src/Action/Dashboard/Statistics.php#L70,internal/server/server.go
dashboard,GET,/workMessage/fromUsers,web/legacy/dashboard/src/api/workMessage.js,params:blocked[no-callsite],blocked[no-static-response-fields]@internal/server/server.go,ACCESS_TOKEN,blocked[no-static-corp-scope]@internal/server/server.go,internal/server/server.go
dashboard,GET,/workMessage/index,web/legacy/dashboard/src/api/autoTag.js,params:page;perPage;toUserId;toUserType;workEmployeeId,fields:list,ACCESS_TOKEN,blocked[no-static-corp-scope]@internal/server/server.go,internal/server/server.go
dashboard,GET,/workMessage/toUsers,web/legacy/dashboard/src/api/autoTag.js,params:blocked[no-callsite],blocked[no-static-response-fields]@internal/server/server.go,ACCESS_TOKEN,blocked[no-static-corp-scope]@internal/server/server.go,internal/server/server.go
dashboard,GET,/workMessageConfig/corpIndex,web/legacy/dashboard/src/api/workMessageConfig.js,params:blocked[no-callsite],blocked[no-static-response-fields]@internal/server/server.go,ACCESS_TOKEN,blocked[no-static-corp-scope]@internal/server/server.go,internal/server/server.go
dashboard,GET,/workMessageConfig/corpShow,web/legacy/dashboard/src/api/workMessageConfig.js,params:blocked[no-callsite],blocked[no-static-response-fields]@internal/server/server.go,ACCESS_TOKEN,blocked[no-static-corp-scope]@internal/server/server.go,internal/server/server.go
dashboard,GET,/workMessageConfig/stepCreate,web/legacy/dashboard/src/api/workMessage.js,params:blocked[no-callsite],blocked[no-static-response-fields]@internal/server/server.go,ACCESS_TOKEN,blocked[no-static-corp-scope]@internal/server/server.go,internal/server/server.go
dashboard,GET,/workRoom/index,web/legacy/dashboard/src/api/workRoom.js,params:endTime;name;page;perPage;roomGroupId;startTime;status;workRoomId;workRoomName;workRoomOwnerId;workRoomStatus,fields:list,ACCESS_TOKEN,blocked[no-static-corp-scope]@git:3dcd216c188df34f2c3ed489b8e8b9473e635488:api-server/app/core/work-room/src/Action/Dashboard/Index.php#L41,internal/server/server.go
dashboard,GET,/workRoom/roomIndex,web/legacy/dashboard/src/api/workContact.js,params:name;roomGroupId,fields:list;total,ACCESS_TOKEN,server-current-enterprise@git:3dcd216c188df34f2c3ed489b8e8b9473e635488:api-server/app/core/work-room/src/Action/Dashboard/RoomIndex.php#L50,internal/server/server.go
dashboard,GET,/workRoom/statistics,web/legacy/dashboard/src/api/workRoom.js,params:endTime;startTime;type;workRoomId,fields:addNum;addNumRange;list;outNum;outNumRange;outTotal;total,ACCESS_TOKEN,blocked[no-static-corp-scope]@git:3dcd216c188df34f2c3ed489b8e8b9473e635488:api-server/app/core/work-room/src/Action/Dashboard/Statistics.php#L51,internal/server/server.go
dashboard,GET,/workRoom/statisticsIndex,web/legacy/dashboard/src/api/workRoom.js,params:endTime;page;perPage;startTime;type;workRoomId,blocked[indirect-response-shape]@git:3dcd216c188df34f2c3ed489b8e8b9473e635488:api-server/app/core/work-room/src/Action/Dashboard/StatisticsIndex.php#L51,ACCESS_TOKEN,blocked[no-static-corp-scope]@git:3dcd216c188df34f2c3ed489b8e8b9473e635488:api-server/app/core/work-room/src/Action/Dashboard/StatisticsIndex.php#L51,internal/server/server.go
dashboard,GET,/workRoomAutoPull/index,web/legacy/dashboard/src/api/workRoom.js,params:page;perPage;qrcodeName,blocked[indirect-response-shape]@git:3dcd216c188df34f2c3ed489b8e8b9473e635488:api-server/plugin/mochat/room-auto-pull/src/Action/Dashboard/Index.php#L41,ACCESS_TOKEN,blocked[no-static-corp-scope]@git:3dcd216c188df34f2c3ed489b8e8b9473e635488:api-server/plugin/mochat/room-auto-pull/src/Action/Dashboard/Index.php#L41,internal/server/server.go
dashboard,GET,/workRoomAutoPull/show,web/legacy/dashboard/src/api/workRoom.js,params:workRoomAutoPullId,fields:employees;isVerified;leadingWords;qrcodeName;rooms;selectedTags;tags,ACCESS_TOKEN,blocked[no-static-corp-scope]@git:3dcd216c188df34f2c3ed489b8e8b9473e635488:api-server/plugin/mochat/room-auto-pull/src/Action/Dashboard/Show.php#L41,internal/server/server.go
dashboard,GET,/workRoomGroup/index,web/legacy/dashboard/src/api/workRoom.js,params:corpId;page;perPage,fields:list,ACCESS_TOKEN,server-current-enterprise@git:3dcd216c188df34f2c3ed489b8e8b9473e635488:api-server/app/core/work-room/src/Action/Dashboard/Group/Index.php#L43,internal/server/server.go
dashboard,GET,lottery/showContact,web/legacy/dashboard/src/api/lottery.js,params:blocked[no-callsite],blocked[no-static-response-fields]@internal/server/server.go,ACCESS_TOKEN,blocked[no-static-corp-scope]@internal/server/server.go,internal/server/server.go
dashboard,GET,menu/iconIndex,web/legacy/dashboard/src/api/menu.js,params:none,blocked[indirect-response-shape]@git:3dcd216c188df34f2c3ed489b8e8b9473e635488:api-server/app/core/rbac/src/Action/Dashboard/Menu/IconIndex.php#L43,ACCESS_TOKEN,blocked[no-static-corp-scope]@git:3dcd216c188df34f2c3ed489b8e8b9473e635488:api-server/app/core/rbac/src/Action/Dashboard/Menu/IconIndex.php#L43,internal/server/server.go
dashboard,GET,menu/index,web/legacy/dashboard/src/api/menu.js,params:name;page;perPage,blocked[indirect-response-shape]@git:3dcd216c188df34f2c3ed489b8e8b9473e635488:api-server/app/core/rbac/src/Action/Dashboard/Menu/Index.php#L45,ACCESS_TOKEN,blocked[no-static-corp-scope]@git:3dcd216c188df34f2c3ed489b8e8b9473e635488:api-server/app/core/rbac/src/Action/Dashboard/Menu/Index.php#L45,internal/server/server.go
dashboard,GET,menu/select,web/legacy/dashboard/src/api/menu.js,params:none,blocked[indirect-response-shape]@git:3dcd216c188df34f2c3ed489b8e8b9473e635488:api-server/app/core/rbac/src/Action/Dashboard/Menu/Select.php#L43,ACCESS_TOKEN,blocked[no-static-corp-scope]@git:3dcd216c188df34f2c3ed489b8e8b9473e635488:api-server/app/core/rbac/src/Action/Dashboard/Menu/Select.php#L43,internal/server/server.go
dashboard,GET,menu/show,web/legacy/dashboard/src/api/menu.js,params:menuId,blocked[indirect-response-shape]@git:3dcd216c188df34f2c3ed489b8e8b9473e635488:api-server/app/core/rbac/src/Action/Dashboard/Menu/Show.php#L46,ACCESS_TOKEN,blocked[no-static-corp-scope]@git:3dcd216c188df34f2c3ed489b8e8b9473e635488:api-server/app/core/rbac/src/Action/Dashboard/Menu/Show.php#L46,internal/server/server.go
dashboard,GET,roomMessageBatchSend/remind,web/legacy/dashboard/src/api/roomMessageBatchSend.js,params:batchEmployId;batchId,fields:none,ACCESS_TOKEN,blocked[no-static-corp-scope]@git:3dcd216c188df34f2c3ed489b8e8b9473e635488:api-server/plugin/mochat/room-message-batch-send/src/Action/Dashboard/Remind.php#L43,internal/server/server.go
dashboard,GET,roomMessageBatchSend/roomOwnerSendIndex,web/legacy/dashboard/src/api/roomMessageBatchSend.js,params:batchId;employeeIds;keyWords;sendStatus,fields:list,ACCESS_TOKEN,blocked[no-static-corp-scope]@git:3dcd216c188df34f2c3ed489b8e8b9473e635488:api-server/plugin/mochat/room-message-batch-send/src/Action/Dashboard/RoomOwnerSendIndex.php#L43,internal/server/server.go
dashboard,GET,roomMessageBatchSend/roomReceiveIndex,web/legacy/dashboard/src/api/roomMessageBatchSend.js,params:batchId;employeeIds;keyWords;sendStatus,fields:list,ACCESS_TOKEN,blocked[no-static-corp-scope]@git:3dcd216c188df34f2c3ed489b8e8b9473e635488:api-server/plugin/mochat/room-message-batch-send/src/Action/Dashboard/RoomReceiveIndex.php#L43,internal/server/server.go
dashboard,GET,roomMessageBatchSend/show,web/legacy/dashboard/src/api/roomMessageBatchSend.js,params:batchId,blocked[indirect-response-shape]@git:3dcd216c188df34f2c3ed489b8e8b9473e635488:api-server/plugin/mochat/room-message-batch-send/src/Action/Dashboard/Show.php#L43,ACCESS_TOKEN,blocked[no-static-corp-scope]@git:3dcd216c188df34f2c3ed489b8e8b9473e635488:api-server/plugin/mochat/room-message-batch-send/src/Action/Dashboard/Show.php#L43,internal/server/server.go
dashboard,GET,workContactTag/contactTagList,web/legacy/dashboard/src/api/roomFission.js,params:name;page;perPage;blocked[dynamic-expression],blocked[indirect-response-shape]@git:3dcd216c188df34f2c3ed489b8e8b9473e635488:api-server/app/core/work-contact/src/Action/Dashboard/Tag/ContactTagList.php#L62,ACCESS_TOKEN,server-current-enterprise@git:3dcd216c188df34f2c3ed489b8e8b9473e635488:api-server/app/core/work-contact/src/Action/Dashboard/Tag/ContactTagList.php#L62,internal/server/server.go
dashboard,GET,workMessage/index,web/legacy/dashboard/src/api/roomQuality.js,params:page;perPage;toUserId;toUserType;workEmployeeId,fields:list,ACCESS_TOKEN,blocked[no-static-corp-scope]@internal/server/server.go,internal/server/server.go
dashboard,GET,workRoomAutoPull/index,web/legacy/dashboard/src/api/shopCode.js,params:page;perPage;qrcodeName,blocked[indirect-response-shape]@git:3dcd216c188df34f2c3ed489b8e8b9473e635488:api-server/plugin/mochat/room-auto-pull/src/Action/Dashboard/Index.php#L41,ACCESS_TOKEN,blocked[no-static-corp-scope]@git:3dcd216c188df34f2c3ed489b8e8b9473e635488:api-server/plugin/mochat/room-auto-pull/src/Action/Dashboard/Index.php#L41,internal/server/server.go
dashboard,POST,/agent/store,web/legacy/dashboard/src/api/chatTool.js,data:type;wxAgentId;wxSecret,blocked[indirect-response-shape]@git:3dcd216c188df34f2c3ed489b8e8b9473e635488:api-server/app/core/work-agent/src/Action/Dashboard/Store.php#L50,ACCESS_TOKEN,server-current-enterprise@git:3dcd216c188df34f2c3ed489b8e8b9473e635488:api-server/app/core/work-agent/src/Action/Dashboard/Store.php#L50,internal/server/server.go
dashboard,POST,/autoTag/store,web/legacy/dashboard/src/api/autoTag.js,data:employees;exact_match_keyword;fuzzy_match_keyword;name;tag_rule;type,blocked[no-static-response-fields]@internal/server/server.go,ACCESS_TOKEN,blocked[no-static-corp-scope]@internal/server/server.go,internal/server/server.go
dashboard,POST,/channelCode/store,web/legacy/dashboard/src/api/channelCode.js,data:baseInfo;drainageEmployee;welcomeMessage,blocked[indirect-response-shape]@git:3dcd216c188df34f2c3ed489b8e8b9473e635488:api-server/plugin/mochat/channel-code/src/Action/Dashboard/Store.php#L44,ACCESS_TOKEN,server-current-enterprise@git:3dcd216c188df34f2c3ed489b8e8b9473e635488:api-server/plugin/mochat/channel-code/src/Action/Dashboard/Store.php#L44,internal/server/server.go
dashboard,POST,/channelCodeGroup/store,web/legacy/dashboard/src/api/channelCode.js,data:name,blocked[no-static-response-fields]@git:3dcd216c188df34f2c3ed489b8e8b9473e635488:api-server/plugin/mochat/channel-code/src/Action/Dashboard/Group/Store.php#L45,ACCESS_TOKEN,server-current-enterprise@git:3dcd216c188df34f2c3ed489b8e8b9473e635488:api-server/plugin/mochat/channel-code/src/Action/Dashboard/Group/Store.php#L45,internal/server/server.go
dashboard,POST,/common/upload,web/legacy/dashboard/src/api/mediumGroup.js,data:blocked[no-callsite],fields:fullPath;name;path;type,ACCESS_TOKEN,blocked[no-static-corp-scope]@git:3dcd216c188df34f2c3ed489b8e8b9473e635488:api-server/app/core/common/src/Action/Dashboard/Upload.php#L37,internal/server/server.go
dashboard,POST,/contactBatchAdd/allot,web/legacy/dashboard/src/api/contactBatchAdd.js,data:blocked[no-callsite],blocked[no-static-response-fields]@internal/server/server.go,ACCESS_TOKEN,blocked[no-static-corp-scope]@internal/server/server.go,internal/server/server.go
dashboard,POST,/contactBatchAdd/importStore,web/legacy/dashboard/src/api/contactBatchAdd.js,data:blocked[no-callsite],blocked[no-static-response-fields]@internal/server/server.go,ACCESS_TOKEN,blocked[no-static-corp-scope]@internal/server/server.go,internal/server/server.go
dashboard,POST,/contactBatchAdd/settingUpdate,web/legacy/dashboard/src/api/contactBatchAdd.js,data:blocked[no-callsite],blocked[no-static-response-fields]@internal/server/server.go,ACCESS_TOKEN,blocked[no-static-corp-scope]@internal/server/server.go,internal/server/server.go
dashboard,POST,/contactField/store,web/legacy/dashboard/src/api/contactField.js,data:label;options;order;status;type,fields:none,ACCESS_TOKEN,blocked[no-static-corp-scope]@git:3dcd216c188df34f2c3ed489b8e8b9473e635488:api-server/app/core/work-contact/src/Action/Dashboard/Field/Store.php#L41,internal/server/server.go
dashboard,POST,/contactMessageBatchSend/remind,web/legacy/dashboard/src/api/contactMessageBatchSend.js,data:batchId,fields:none,ACCESS_TOKEN,blocked[no-static-corp-scope]@git:3dcd216c188df34f2c3ed489b8e8b9473e635488:api-server/plugin/mochat/contact-message-batch-send/src/Action/Dashboard/Remind.php#L43,internal/server/server.go
dashboard,POST,/contactMessageBatchSend/store,web/legacy/dashboard/src/api/contactMessageBatchSend.js,data:content;definiteTime;employeeIds;filterParams;blocked[dynamic-expression],fields:none,ACCESS_TOKEN,blocked[no-static-corp-scope]@git:3dcd216c188df34f2c3ed489b8e8b9473e635488:api-server/plugin/mochat/contact-message-batch-send/src/Action/Dashboard/Store.php#L45,internal/server/server.go
dashboard,POST,/contactSop/store,web/legacy/dashboard/src/api/contactSop.js,data:blocked[no-callsite],blocked[no-static-response-fields]@internal/server/server.go,ACCESS_TOKEN,blocked[no-static-corp-scope]@internal/server/server.go,internal/server/server.go
dashboard,POST,/contactTransfer/index,web/legacy/dashboard/src/api/contactTransfer.js,data:list;takeoverUserId;type,blocked[indirect-response-shape]@git:3dcd216c188df34f2c3ed489b8e8b9473e635488:api-server/plugin/mochat/contact-transfer/src/Action/Dashboard/Index.php#L53,ACCESS_TOKEN,server-current-enterprise@git:3dcd216c188df34f2c3ed489b8e8b9473e635488:api-server/plugin/mochat/contact-transfer/src/Action/Dashboard/Index.php#L53,internal/server/server.go
dashboard,POST,/contactTransfer/room,web/legacy/dashboard/src/api/contactTransfer.js,data:list;takeoverUserId;type,blocked[indirect-response-shape]@git:3dcd216c188df34f2c3ed489b8e8b9473e635488:api-server/plugin/mochat/contact-transfer/src/Action/Dashboard/TransferRoom.php#L74,ACCESS_TOKEN,server-current-enterprise@git:3dcd216c188df34f2c3ed489b8e8b9473e635488:api-server/plugin/mochat/contact-transfer/src/Action/Dashboard/TransferRoom.php#L74,internal/server/server.go
dashboard,POST,/greeting/store,web/legacy/dashboard/src/api/greeting.js,data:employees;mediumId;rangeType;type;words,fields:none,ACCESS_TOKEN,server-current-enterprise@git:3dcd216c188df34f2c3ed489b8e8b9473e635488:api-server/plugin/mochat/greeting/src/Action/Dashboard/Store.php#L59,internal/server/server.go
dashboard,POST,/medium/store,web/legacy/dashboard/src/api/mediumGroup.js,data:content;isSync;mediumGroupId;type,fields:id,ACCESS_TOKEN,server-current-enterprise@git:3dcd216c188df34f2c3ed489b8e8b9473e635488:api-server/app/core/medium/src/Action/Dashboard/Store.php#L40,internal/server/server.go
dashboard,POST,/mediumGroup/store,web/legacy/dashboard/src/api/mediumGroup.js,data:name,fields:id,ACCESS_TOKEN,blocked[no-static-corp-scope]@git:3dcd216c188df34f2c3ed489b8e8b9473e635488:api-server/app/core/medium/src/Action/Dashboard/Group/Store.php#L38,internal/server/server.go
dashboard,POST,/radar/store,web/legacy/dashboard/src/api/radar.js,data:blocked[no-callsite],blocked[no-static-response-fields]@internal/server/server.go,ACCESS_TOKEN,blocked[no-static-corp-scope]@internal/server/server.go,internal/server/server.go
dashboard,POST,/radar/storeChannel,web/legacy/dashboard/src/api/radar.js,data:name,blocked[no-static-response-fields]@internal/server/server.go,ACCESS_TOKEN,blocked[no-static-corp-scope]@internal/server/server.go,internal/server/server.go
dashboard,POST,/radar/storeChannelLink,web/legacy/dashboard/src/api/radar.js,data:channel_id;employeeId;radar_id;type,blocked[no-static-response-fields]@internal/server/server.go,ACCESS_TOKEN,blocked[no-static-corp-scope]@internal/server/server.go,internal/server/server.go
dashboard,POST,/role/permissionStore,web/legacy/dashboard/src/api/role.js,data:menuIds;roleId,fields:none,ACCESS_TOKEN,blocked[no-static-corp-scope]@git:3dcd216c188df34f2c3ed489b8e8b9473e635488:api-server/app/core/rbac/src/Action/Dashboard/Role/PermissionStore.php#L35,internal/server/server.go
dashboard,POST,/role/store,web/legacy/dashboard/src/api/role.js,data:dataPermission;name;remarks;roleId,blocked[indirect-response-shape]@git:3dcd216c188df34f2c3ed489b8e8b9473e635488:api-server/app/core/rbac/src/Action/Dashboard/Role/Store.php#L54,ACCESS_TOKEN,server-current-enterprise@git:3dcd216c188df34f2c3ed489b8e8b9473e635488:api-server/app/core/rbac/src/Action/Dashboard/Role/Store.php#L54,internal/server/server.go
dashboard,POST,/roomCalendar/addRoom,web/legacy/dashboard/src/api/roomCalendar.js,data:blocked[no-callsite],blocked[no-static-response-fields]@internal/server/server.go,ACCESS_TOKEN,blocked[no-static-corp-scope]@internal/server/server.go,internal/server/server.go
dashboard,POST,/roomCalendar/store,web/legacy/dashboard/src/api/roomCalendar.js,data:blocked[no-callsite],blocked[no-static-response-fields]@internal/server/server.go,ACCESS_TOKEN,blocked[no-static-corp-scope]@internal/server/server.go,internal/server/server.go
dashboard,POST,/roomClockIn/store,web/legacy/dashboard/src/api/roomClockIn.js,data:blocked[no-callsite],blocked[no-static-response-fields]@internal/server/server.go,ACCESS_TOKEN,blocked[no-static-corp-scope]@internal/server/server.go,internal/server/server.go
dashboard,POST,/roomFission/invite,web/legacy/dashboard/src/api/roomFission.js,data:blocked[no-callsite],blocked[no-static-response-fields]@internal/server/server.go,ACCESS_TOKEN,blocked[no-static-corp-scope]@internal/server/server.go,internal/server/server.go
dashboard,POST,/roomFission/store,web/legacy/dashboard/src/api/roomFission.js,data:blocked[no-callsite],blocked[no-static-response-fields]@internal/server/server.go,ACCESS_TOKEN,blocked[no-static-corp-scope]@internal/server/server.go,internal/server/server.go
dashboard,POST,/roomInfinitePull/store,web/legacy/dashboard/src/api/roomInfinitePull.js,data:blocked[no-callsite],blocked[no-static-response-fields]@internal/server/server.go,ACCESS_TOKEN,blocked[no-static-corp-scope]@internal/server/server.go,internal/server/server.go
dashboard,POST,/roomMessageBatchSend/store,web/legacy/dashboard/src/api/roomMessageBatchSend.js,params:content;definiteTime;employeeIds;blocked[dynamic-expression],fields:none,ACCESS_TOKEN,blocked[no-static-corp-scope]@git:3dcd216c188df34f2c3ed489b8e8b9473e635488:api-server/plugin/mochat/room-message-batch-send/src/Action/Dashboard/Store.php#L47,internal/server/server.go
dashboard,POST,/roomQuality/store,web/legacy/dashboard/src/api/roomQuality.js,data:blocked[no-callsite],blocked[no-static-response-fields]@internal/server/server.go,ACCESS_TOKEN,blocked[no-static-corp-scope]@internal/server/server.go,internal/server/server.go
dashboard,POST,/roomRemind/store,web/legacy/dashboard/src/api/roomRemind.js,data:blocked[no-callsite],blocked[no-static-response-fields]@internal/server/server.go,ACCESS_TOKEN,blocked[no-static-corp-scope]@internal/server/server.go,internal/server/server.go
dashboard,POST,/roomSop/store,web/legacy/dashboard/src/api/roomSop.js,data:blocked[no-callsite],blocked[no-static-response-fields]@internal/server/server.go,ACCESS_TOKEN,blocked[no-static-corp-scope]@internal/server/server.go,internal/server/server.go
dashboard,POST,/roomTagPull/filterContact,web/legacy/dashboard/src/api/workRoom.js,data:choose_contact;employees;rooms,blocked[no-static-response-fields]@git:3dcd216c188df34f2c3ed489b8e8b9473e635488:api-server/plugin/mochat/room-tag-pull/src/Action/Dashboard/FilterContact.php#L72,ACCESS_TOKEN,server-current-enterprise@git:3dcd216c188df34f2c3ed489b8e8b9473e635488:api-server/plugin/mochat/room-tag-pull/src/Action/Dashboard/FilterContact.php#L72,internal/server/server.go
dashboard,POST,/roomTagPull/store,web/legacy/dashboard/src/api/workRoom.js,data:choose_contact;employees;filter_contact;guide;name;rooms,blocked[indirect-response-shape]@git:3dcd216c188df34f2c3ed489b8e8b9473e635488:api-server/plugin/mochat/room-tag-pull/src/Action/Dashboard/Store.php#L45,ACCESS_TOKEN,server-current-enterprise@git:3dcd216c188df34f2c3ed489b8e8b9473e635488:api-server/plugin/mochat/room-tag-pull/src/Action/Dashboard/Store.php#L45,internal/server/server.go
dashboard,POST,/roomWelcome/store,web/legacy/dashboard/src/api/roomWelcome.js,data:id;msg_complex;msg_text;notice,blocked[indirect-response-shape]@git:3dcd216c188df34f2c3ed489b8e8b9473e635488:api-server/plugin/mochat/room-welcome/src/Action/Dashboard/Store.php#L47,ACCESS_TOKEN,server-current-enterprise@git:3dcd216c188df34f2c3ed489b8e8b9473e635488:api-server/plugin/mochat/room-welcome/src/Action/Dashboard/Store.php#L47,internal/server/server.go
dashboard,POST,/sensitiveWord/store,web/legacy/dashboard/src/api/sensitiveWords.js,data:blocked[no-callsite],blocked[no-static-response-fields]@internal/server/server.go,ACCESS_TOKEN,blocked[no-static-corp-scope]@internal/server/server.go,internal/server/server.go
dashboard,POST,/sensitiveWordGroup/store,web/legacy/dashboard/src/api/sensitiveWords.js,data:blocked[no-callsite],blocked[no-static-response-fields]@internal/server/server.go,ACCESS_TOKEN,blocked[no-static-corp-scope]@internal/server/server.go,internal/server/server.go
dashboard,POST,/shopCode/pageSet,web/legacy/dashboard/src/api/shopCode.js,data:blocked[no-callsite],blocked[no-static-response-fields]@internal/server/server.go,ACCESS_TOKEN,blocked[no-static-corp-scope]@internal/server/server.go,internal/server/server.go
dashboard,POST,/shopCode/store,web/legacy/dashboard/src/api/shopCode.js,data:blocked[no-callsite],blocked[no-static-response-fields]@internal/server/server.go,ACCESS_TOKEN,blocked[no-static-corp-scope]@internal/server/server.go,internal/server/server.go
dashboard,POST,/shopCode/updateEmployee,web/legacy/dashboard/src/api/shopCode.js,data:blocked[no-callsite],blocked[no-static-response-fields]@internal/server/server.go,ACCESS_TOKEN,blocked[no-static-corp-scope]@internal/server/server.go,internal/server/server.go
dashboard,POST,/shopCode/updateQrcode,web/legacy/dashboard/src/api/shopCode.js,data:blocked[no-callsite],blocked[no-static-response-fields]@internal/server/server.go,ACCESS_TOKEN,blocked[no-static-corp-scope]@internal/server/server.go,internal/server/server.go
dashboard,POST,/user/auth,web/legacy/dashboard/src/api/auth.js,data:blocked[opaque-method-parameter],fields:expire;token,ACCESS_TOKEN,public-unscoped@git:3dcd216c188df34f2c3ed489b8e8b9473e635488:api-server/app/core/user/src/Action/Dashboard/Auth.php#L46,internal/server/server.go
dashboard,POST,/user/store,web/legacy/dashboard/src/api/user.js,data:confirmPass;gender;password;phone;roleId;status;userName,blocked[indirect-response-shape]@git:3dcd216c188df34f2c3ed489b8e8b9473e635488:api-server/app/core/user/src/Action/Dashboard/Store.php#L41,ACCESS_TOKEN,blocked[no-static-corp-scope]@git:3dcd216c188df34f2c3ed489b8e8b9473e635488:api-server/app/core/user/src/Action/Dashboard/Store.php#L41,internal/server/server.go
dashboard,POST,/workContact/batchLabeling,web/legacy/dashboard/src/api/workContact.js,data:blocked[no-callsite],blocked[no-static-response-fields]@git:3dcd216c188df34f2c3ed489b8e8b9473e635488:api-server/app/core/work-contact/src/Action/Dashboard/BatchLabeling.php#L45,ACCESS_TOKEN,blocked[no-static-corp-scope]@git:3dcd216c188df34f2c3ed489b8e8b9473e635488:api-server/app/core/work-contact/src/Action/Dashboard/BatchLabeling.php#L45,internal/server/server.go
dashboard,POST,/workContactTag/store,web/legacy/dashboard/src/api/roomClockIn.js,data:groupId;tagName,blocked[indirect-response-shape]@git:3dcd216c188df34f2c3ed489b8e8b9473e635488:api-server/app/core/work-contact/src/Action/Dashboard/Tag/Store.php#L43,ACCESS_TOKEN,blocked[no-static-corp-scope]@git:3dcd216c188df34f2c3ed489b8e8b9473e635488:api-server/app/core/work-contact/src/Action/Dashboard/Tag/Store.php#L43,internal/server/server.go
dashboard,POST,/workContactTagGroup/store,web/legacy/dashboard/src/api/roomClockIn.js,data:groupName,blocked[no-static-response-fields]@git:3dcd216c188df34f2c3ed489b8e8b9473e635488:api-server/app/core/work-contact/src/Action/Dashboard/TagGroup/Store.php#L45,ACCESS_TOKEN,server-current-enterprise@git:3dcd216c188df34f2c3ed489b8e8b9473e635488:api-server/app/core/work-contact/src/Action/Dashboard/TagGroup/Store.php#L45,internal/server/server.go
dashboard,POST,/workFission/invite,web/legacy/dashboard/src/api/workFission.js,data:fission_id;blocked[dynamic-expression|opaque-member],blocked[indirect-response-shape]@git:3dcd216c188df34f2c3ed489b8e8b9473e635488:api-server/plugin/mochat/work-fission/src/Action/Dashboard/Invite.php#L85,ACCESS_TOKEN,server-current-enterprise@git:3dcd216c188df34f2c3ed489b8e8b9473e635488:api-server/plugin/mochat/work-fission/src/Action/Dashboard/Invite.php#L85,internal/server/server.go
dashboard,POST,/workFission/store,web/legacy/dashboard/src/api/workFission.js,data:fission;invite;poster;push;welcome,blocked[indirect-response-shape]@git:3dcd216c188df34f2c3ed489b8e8b9473e635488:api-server/plugin/mochat/work-fission/src/Action/Dashboard/Store.php#L47,ACCESS_TOKEN,server-current-enterprise@git:3dcd216c188df34f2c3ed489b8e8b9473e635488:api-server/plugin/mochat/work-fission/src/Action/Dashboard/Store.php#L47,internal/server/server.go
dashboard,POST,/workMessageConfig/corpStore,web/legacy/dashboard/src/api/workMessage.js,data:blocked[no-callsite],blocked[no-static-response-fields]@internal/server/server.go,ACCESS_TOKEN,blocked[no-static-corp-scope]@internal/server/server.go,internal/server/server.go
dashboard,POST,/workRoomAutoPull/store,web/legacy/dashboard/src/api/workRoom.js,data:corpId;leadingWords;qrcodeName;blocked[cyclic-reference],blocked[indirect-response-shape]@git:3dcd216c188df34f2c3ed489b8e8b9473e635488:api-server/plugin/mochat/room-auto-pull/src/Action/Dashboard/Store.php#L41,ACCESS_TOKEN,explicit:corpId@git:3dcd216c188df34f2c3ed489b8e8b9473e635488:api-server/plugin/mochat/room-auto-pull/src/Action/Dashboard/Store.php#L41,internal/server/server.go
dashboard,POST,/workRoomGroup/store,web/legacy/dashboard/src/api/workRoom.js,data:corpId;workRoomGroupName,fields:none,ACCESS_TOKEN,explicit:corpId@git:3dcd216c188df34f2c3ed489b8e8b9473e635488:api-server/app/core/work-room/src/Action/Dashboard/Group/Store.php#L52,internal/server/server.go
dashboard,POST,lottery/store,web/legacy/dashboard/src/api/lottery.js,data:blocked[no-callsite],blocked[no-static-response-fields]@internal/server/server.go,ACCESS_TOKEN,blocked[no-static-corp-scope]@internal/server/server.go,internal/server/server.go
dashboard,POST,menu/store,web/legacy/dashboard/src/api/menu.js,data:dataPermission;icon;isPageMenu;level;linkType;linkUrl;name;blocked[dynamic-expression],blocked[indirect-response-shape]@git:3dcd216c188df34f2c3ed489b8e8b9473e635488:api-server/app/core/rbac/src/Action/Dashboard/Menu/Store.php#L47,ACCESS_TOKEN,blocked[no-static-corp-scope]@git:3dcd216c188df34f2c3ed489b8e8b9473e635488:api-server/app/core/rbac/src/Action/Dashboard/Menu/Store.php#L47,internal/server/server.go
dashboard,PUT,/autoTag/onOff,web/legacy/dashboard/src/api/autoTag.js,data:id;on_off,blocked[no-static-response-fields]@internal/server/server.go,ACCESS_TOKEN,blocked[no-static-corp-scope]@internal/server/server.go,internal/server/server.go
dashboard,PUT,/channelCode/update,web/legacy/dashboard/src/api/channelCode.js,data:baseInfo;channelCodeId;drainageEmployee;welcomeMessage,blocked[indirect-response-shape]@git:3dcd216c188df34f2c3ed489b8e8b9473e635488:api-server/plugin/mochat/channel-code/src/Action/Dashboard/Update.php#L54,ACCESS_TOKEN,server-current-enterprise@git:3dcd216c188df34f2c3ed489b8e8b9473e635488:api-server/plugin/mochat/channel-code/src/Action/Dashboard/Update.php#L54,internal/server/server.go
dashboard,PUT,/channelCodeGroup/move,web/legacy/dashboard/src/api/channelCode.js,data:channelCodeId;groupId,blocked[no-static-response-fields]@git:3dcd216c188df34f2c3ed489b8e8b9473e635488:api-server/plugin/mochat/channel-code/src/Action/Dashboard/Group/Move.php#L45,ACCESS_TOKEN,blocked[no-static-corp-scope]@git:3dcd216c188df34f2c3ed489b8e8b9473e635488:api-server/plugin/mochat/channel-code/src/Action/Dashboard/Group/Move.php#L45,internal/server/server.go
dashboard,PUT,/channelCodeGroup/update,web/legacy/dashboard/src/api/channelCode.js,data:groupId;name,blocked[no-static-response-fields]@git:3dcd216c188df34f2c3ed489b8e8b9473e635488:api-server/plugin/mochat/channel-code/src/Action/Dashboard/Group/Update.php#L45,ACCESS_TOKEN,blocked[no-static-corp-scope]@git:3dcd216c188df34f2c3ed489b8e8b9473e635488:api-server/plugin/mochat/channel-code/src/Action/Dashboard/Group/Update.php#L45,internal/server/server.go
dashboard,PUT,/contactField/batchUpdate,web/legacy/dashboard/src/api/contactField.js,data:destroy;update,fields:none,ACCESS_TOKEN,blocked[no-static-corp-scope]@git:3dcd216c188df34f2c3ed489b8e8b9473e635488:api-server/app/core/work-contact/src/Action/Dashboard/Field/BatchUpdate.php#L48,internal/server/server.go
dashboard,PUT,/contactField/statusUpdate,web/legacy/dashboard/src/api/contactField.js,data:id;status,fields:none,ACCESS_TOKEN,blocked[no-static-corp-scope]@git:3dcd216c188df34f2c3ed489b8e8b9473e635488:api-server/app/core/work-contact/src/Action/Dashboard/Field/StatusUpdate.php#L40,internal/server/server.go
dashboard,PUT,/contactField/update,web/legacy/dashboard/src/api/contactField.js,data:id;label;options;order;status;type,fields:none,ACCESS_TOKEN,blocked[no-static-corp-scope]@git:3dcd216c188df34f2c3ed489b8e8b9473e635488:api-server/app/core/work-contact/src/Action/Dashboard/Field/Update.php#L49,internal/server/server.go
dashboard,PUT,/contactFieldPivot/update,web/legacy/dashboard/src/api/workContact.js,data:contactId;userPortrait,blocked[indirect-response-shape]@git:3dcd216c188df34f2c3ed489b8e8b9473e635488:api-server/app/core/work-contact/src/Action/Dashboard/FieldPivot/Update.php#L43,ACCESS_TOKEN,blocked[no-static-corp-scope]@git:3dcd216c188df34f2c3ed489b8e8b9473e635488:api-server/app/core/work-contact/src/Action/Dashboard/FieldPivot/Update.php#L43,internal/server/server.go
dashboard,PUT,/contactSop/setEmployee,web/legacy/dashboard/src/api/contactSop.js,data:blocked[no-callsite],blocked[no-static-response-fields]@internal/server/server.go,ACCESS_TOKEN,blocked[no-static-corp-scope]@internal/server/server.go,internal/server/server.go
dashboard,PUT,/contactSop/state,web/legacy/dashboard/src/api/contactSop.js,data:blocked[no-callsite],blocked[no-static-response-fields]@internal/server/server.go,ACCESS_TOKEN,blocked[no-static-corp-scope]@internal/server/server.go,internal/server/server.go
dashboard,PUT,/contactSop/update,web/legacy/dashboard/src/api/contactSop.js,data:blocked[no-callsite],blocked[no-static-response-fields]@internal/server/server.go,ACCESS_TOKEN,blocked[no-static-corp-scope]@internal/server/server.go,internal/server/server.go
dashboard,PUT,/greeting/update,web/legacy/dashboard/src/api/greeting.js,data:employees;greetingId;mediumId;rangeType;type;words,fields:none,ACCESS_TOKEN,server-current-enterprise@git:3dcd216c188df34f2c3ed489b8e8b9473e635488:api-server/plugin/mochat/greeting/src/Action/Dashboard/Update.php#L59,internal/server/server.go
dashboard,PUT,/lottery/batchContactTags,web/legacy/dashboard/src/api/lottery.js,data:blocked[no-callsite],blocked[no-static-response-fields]@internal/server/server.go,ACCESS_TOKEN,blocked[no-static-corp-scope]@internal/server/server.go,internal/server/server.go
dashboard,PUT,/lottery/update,web/legacy/dashboard/src/api/lottery.js,data:blocked[no-callsite],blocked[no-static-response-fields]@internal/server/server.go,ACCESS_TOKEN,blocked[no-static-corp-scope]@internal/server/server.go,internal/server/server.go
dashboard,PUT,/medium/groupUpdate,web/legacy/dashboard/src/api/mediumGroup.js,data:id;mediumGroupId,fields:none,ACCESS_TOKEN,blocked[no-static-corp-scope]@git:3dcd216c188df34f2c3ed489b8e8b9473e635488:api-server/app/core/medium/src/Action/Dashboard/GroupUpdate.php#L40,internal/server/server.go
dashboard,PUT,/medium/update,web/legacy/dashboard/src/api/mediumGroup.js,data:content;id;mediumGroupId;type,fields:none,ACCESS_TOKEN,blocked[no-static-corp-scope]@git:3dcd216c188df34f2c3ed489b8e8b9473e635488:api-server/app/core/medium/src/Action/Dashboard/Update.php#L40,internal/server/server.go
dashboard,PUT,/mediumGroup/update,web/legacy/dashboard/src/api/mediumGroup.js,data:id;name,fields:none,ACCESS_TOKEN,blocked[no-static-corp-scope]@git:3dcd216c188df34f2c3ed489b8e8b9473e635488:api-server/app/core/medium/src/Action/Dashboard/Group/Update.php#L40,internal/server/server.go
dashboard,PUT,/radar/update,web/legacy/dashboard/src/api/radar.js,data:blocked[no-callsite],blocked[no-static-response-fields]@internal/server/server.go,ACCESS_TOKEN,blocked[no-static-corp-scope]@internal/server/server.go,internal/server/server.go
dashboard,PUT,/role/statusUpdate,web/legacy/dashboard/src/api/role.js,data:roleId;status,fields:none,ACCESS_TOKEN,blocked[no-static-corp-scope]@git:3dcd216c188df34f2c3ed489b8e8b9473e635488:api-server/app/core/rbac/src/Action/Dashboard/Role/StatusUpdate.php#L55,internal/server/server.go
dashboard,PUT,/role/update,web/legacy/dashboard/src/api/role.js,data:dataPermission;name;remarks;roleId,blocked[indirect-response-shape]@git:3dcd216c188df34f2c3ed489b8e8b9473e635488:api-server/app/core/rbac/src/Action/Dashboard/Role/Update.php#L54,ACCESS_TOKEN,server-current-enterprise@git:3dcd216c188df34f2c3ed489b8e8b9473e635488:api-server/app/core/rbac/src/Action/Dashboard/Role/Update.php#L54,internal/server/server.go
dashboard,PUT,/roomCalendar/update,web/legacy/dashboard/src/api/roomCalendar.js,data:blocked[no-callsite],blocked[no-static-response-fields]@internal/server/server.go,ACCESS_TOKEN,blocked[no-static-corp-scope]@internal/server/server.go,internal/server/server.go
dashboard,PUT,/roomClockIn/batchContactTags,web/legacy/dashboard/src/api/roomClockIn.js,data:blocked[no-callsite],blocked[no-static-response-fields]@internal/server/server.go,ACCESS_TOKEN,blocked[no-static-corp-scope]@internal/server/server.go,internal/server/server.go
dashboard,PUT,/roomClockIn/update,web/legacy/dashboard/src/api/roomClockIn.js,data:blocked[no-callsite],blocked[no-static-response-fields]@internal/server/server.go,ACCESS_TOKEN,blocked[no-static-corp-scope]@internal/server/server.go,internal/server/server.go
dashboard,PUT,/roomFission/update,web/legacy/dashboard/src/api/roomFission.js,data:blocked[no-callsite],blocked[no-static-response-fields]@internal/server/server.go,ACCESS_TOKEN,blocked[no-static-corp-scope]@internal/server/server.go,internal/server/server.go
dashboard,PUT,/roomInfinitePull/update,web/legacy/dashboard/src/api/roomInfinitePull.js,data:blocked[no-callsite],blocked[no-static-response-fields]@internal/server/server.go,ACCESS_TOKEN,blocked[no-static-corp-scope]@internal/server/server.go,internal/server/server.go
dashboard,PUT,/roomQuality/status,web/legacy/dashboard/src/api/roomQuality.js,data:blocked[no-callsite],blocked[no-static-response-fields]@internal/server/server.go,ACCESS_TOKEN,blocked[no-static-corp-scope]@internal/server/server.go,internal/server/server.go
dashboard,PUT,/roomQuality/update,web/legacy/dashboard/src/api/roomQuality.js,data:blocked[no-callsite],blocked[no-static-response-fields]@internal/server/server.go,ACCESS_TOKEN,blocked[no-static-corp-scope]@internal/server/server.go,internal/server/server.go
dashboard,PUT,/roomRemind/update,web/legacy/dashboard/src/api/roomRemind.js,data:blocked[no-callsite],blocked[no-static-response-fields]@internal/server/server.go,ACCESS_TOKEN,blocked[no-static-corp-scope]@internal/server/server.go,internal/server/server.go
dashboard,PUT,/roomSop/setRoom,web/legacy/dashboard/src/api/roomSop.js,data:blocked[no-callsite],blocked[no-static-response-fields]@internal/server/server.go,ACCESS_TOKEN,blocked[no-static-corp-scope]@internal/server/server.go,internal/server/server.go
dashboard,PUT,/roomSop/state,web/legacy/dashboard/src/api/roomSop.js,data:blocked[no-callsite],blocked[no-static-response-fields]@internal/server/server.go,ACCESS_TOKEN,blocked[no-static-corp-scope]@internal/server/server.go,internal/server/server.go
dashboard,PUT,/roomSop/update,web/legacy/dashboard/src/api/roomSop.js,data:blocked[no-callsite],blocked[no-static-response-fields]@internal/server/server.go,ACCESS_TOKEN,blocked[no-static-corp-scope]@internal/server/server.go,internal/server/server.go
dashboard,PUT,/roomWelcome/update,web/legacy/dashboard/src/api/liveCode.js,data:id;msg_complex;msg_text;notice,blocked[indirect-response-shape]@git:3dcd216c188df34f2c3ed489b8e8b9473e635488:api-server/plugin/mochat/room-welcome/src/Action/Dashboard/Update.php#L47,ACCESS_TOKEN,server-current-enterprise@git:3dcd216c188df34f2c3ed489b8e8b9473e635488:api-server/plugin/mochat/room-welcome/src/Action/Dashboard/Update.php#L47,internal/server/server.go
dashboard,PUT,/sensitiveWord/move,web/legacy/dashboard/src/api/sensitiveWords.js,data:blocked[no-callsite],blocked[no-static-response-fields]@internal/server/server.go,ACCESS_TOKEN,blocked[no-static-corp-scope]@internal/server/server.go,internal/server/server.go
dashboard,PUT,/sensitiveWord/statusUpdate,web/legacy/dashboard/src/api/sensitiveWords.js,data:blocked[no-callsite],blocked[no-static-response-fields]@internal/server/server.go,ACCESS_TOKEN,blocked[no-static-corp-scope]@internal/server/server.go,internal/server/server.go
dashboard,PUT,/sensitiveWordGroup/update,web/legacy/dashboard/src/api/sensitiveWords.js,data:blocked[no-callsite],blocked[no-static-response-fields]@internal/server/server.go,ACCESS_TOKEN,blocked[no-static-corp-scope]@internal/server/server.go,internal/server/server.go
dashboard,PUT,/shopCode/batchContactTags,web/legacy/dashboard/src/api/shopCode.js,data:blocked[no-callsite],blocked[no-static-response-fields]@internal/server/server.go,ACCESS_TOKEN,blocked[no-static-corp-scope]@internal/server/server.go,internal/server/server.go
dashboard,PUT,/shopCode/status,web/legacy/dashboard/src/api/shopCode.js,data:blocked[no-callsite],blocked[no-static-response-fields]@internal/server/server.go,ACCESS_TOKEN,blocked[no-static-corp-scope]@internal/server/server.go,internal/server/server.go
dashboard,PUT,/shopCode/update,web/legacy/dashboard/src/api/shopCode.js,data:blocked[no-callsite],blocked[no-static-response-fields]@internal/server/server.go,ACCESS_TOKEN,blocked[no-static-corp-scope]@internal/server/server.go,internal/server/server.go
dashboard,PUT,/user/logout,web/legacy/dashboard/src/api/auth.js,data:none,fields:none,ACCESS_TOKEN,blocked[no-static-corp-scope]@git:3dcd216c188df34f2c3ed489b8e8b9473e635488:api-server/app/core/user/src/Action/Dashboard/Logout.php#L41,internal/server/server.go
dashboard,PUT,/user/passwordReset,web/legacy/dashboard/src/api/user.js,data:id;newPassword,blocked[indirect-response-shape]@git:3dcd216c188df34f2c3ed489b8e8b9473e635488:api-server/app/core/user/src/Action/Dashboard/PasswordReset.php#L60,ACCESS_TOKEN,blocked[no-static-corp-scope]@git:3dcd216c188df34f2c3ed489b8e8b9473e635488:api-server/app/core/user/src/Action/Dashboard/PasswordReset.php#L60,internal/server/server.go
dashboard,PUT,/user/passwordUpdate,web/legacy/dashboard/src/api/passWordUpdate.js,data:againNewPassword;newPassword;oldPassword,blocked[indirect-response-shape]@git:3dcd216c188df34f2c3ed489b8e8b9473e635488:api-server/app/core/user/src/Action/Dashboard/PasswordUpdate.php#L60,ACCESS_TOKEN,blocked[no-static-corp-scope]@git:3dcd216c188df34f2c3ed489b8e8b9473e635488:api-server/app/core/user/src/Action/Dashboard/PasswordUpdate.php#L60,internal/server/server.go
dashboard,PUT,/user/statusUpdate,web/legacy/dashboard/src/api/user.js,data:status;userId,blocked[indirect-response-shape]@git:3dcd216c188df34f2c3ed489b8e8b9473e635488:api-server/app/core/user/src/Action/Dashboard/StatusUpdate.php#L53,ACCESS_TOKEN,blocked[no-static-corp-scope]@git:3dcd216c188df34f2c3ed489b8e8b9473e635488:api-server/app/core/user/src/Action/Dashboard/StatusUpdate.php#L53,internal/server/server.go
dashboard,PUT,/user/update,web/legacy/dashboard/src/api/user.js,data:gender;phone;roleId;status;userId;userName,blocked[indirect-response-shape]@git:3dcd216c188df34f2c3ed489b8e8b9473e635488:api-server/app/core/user/src/Action/Dashboard/Update.php#L41,ACCESS_TOKEN,blocked[no-static-corp-scope]@git:3dcd216c188df34f2c3ed489b8e8b9473e635488:api-server/app/core/user/src/Action/Dashboard/Update.php#L41,internal/server/server.go
dashboard,PUT,/workContact/synContact,web/legacy/dashboard/src/api/workContact.js,data:none,blocked[no-static-response-fields]@git:3dcd216c188df34f2c3ed489b8e8b9473e635488:api-server/app/core/work-contact/src/Action/Dashboard/SynContact.php#L58,ACCESS_TOKEN,server-current-enterprise@git:3dcd216c188df34f2c3ed489b8e8b9473e635488:api-server/app/core/work-contact/src/Action/Dashboard/SynContact.php#L58,internal/server/server.go
dashboard,PUT,/workContact/update,web/legacy/dashboard/src/api/workContact.js,data:businessNo;contactId;description;employeeId;remark;tag,blocked[indirect-response-shape]@git:3dcd216c188df34f2c3ed489b8e8b9473e635488:api-server/app/core/work-contact/src/Action/Dashboard/Update.php#L45,ACCESS_TOKEN,blocked[no-static-corp-scope]@git:3dcd216c188df34f2c3ed489b8e8b9473e635488:api-server/app/core/work-contact/src/Action/Dashboard/Update.php#L45,internal/server/server.go
dashboard,PUT,/workContactTag/move,web/legacy/dashboard/src/api/workContactTag.js,data:groupId;tagId,blocked[indirect-response-shape]@git:3dcd216c188df34f2c3ed489b8e8b9473e635488:api-server/app/core/work-contact/src/Action/Dashboard/Tag/Move.php#L43,ACCESS_TOKEN,blocked[no-static-corp-scope]@git:3dcd216c188df34f2c3ed489b8e8b9473e635488:api-server/app/core/work-contact/src/Action/Dashboard/Tag/Move.php#L43,internal/server/server.go
dashboard,PUT,/workContactTag/synContactTag,web/legacy/dashboard/src/api/workContactTag.js,data:none,blocked[no-static-response-fields]@git:3dcd216c188df34f2c3ed489b8e8b9473e635488:api-server/app/core/work-contact/src/Action/Dashboard/Tag/SynContactTag.php#L42,ACCESS_TOKEN,server-current-enterprise@git:3dcd216c188df34f2c3ed489b8e8b9473e635488:api-server/app/core/work-contact/src/Action/Dashboard/Tag/SynContactTag.php#L42,internal/server/server.go
dashboard,PUT,/workContactTag/update,web/legacy/dashboard/src/api/workContactTag.js,data:groupId;isUpdate;tagId;tagName,blocked[indirect-response-shape]@git:3dcd216c188df34f2c3ed489b8e8b9473e635488:api-server/app/core/work-contact/src/Action/Dashboard/Tag/Update.php#L43,ACCESS_TOKEN,blocked[no-static-corp-scope]@git:3dcd216c188df34f2c3ed489b8e8b9473e635488:api-server/app/core/work-contact/src/Action/Dashboard/Tag/Update.php#L43,internal/server/server.go
dashboard,PUT,/workContactTagGroup/update,web/legacy/dashboard/src/api/workContactTag.js,data:groupId;groupName;isUpdate,blocked[no-static-response-fields]@git:3dcd216c188df34f2c3ed489b8e8b9473e635488:api-server/app/core/work-contact/src/Action/Dashboard/TagGroup/Update.php#L45,ACCESS_TOKEN,blocked[no-static-corp-scope]@git:3dcd216c188df34f2c3ed489b8e8b9473e635488:api-server/app/core/work-contact/src/Action/Dashboard/TagGroup/Update.php#L45,internal/server/server.go
dashboard,PUT,/workEmployee/synEmployee,web/legacy/dashboard/src/api/workEmployee.js,data:none,blocked[no-static-response-fields]@git:3dcd216c188df34f2c3ed489b8e8b9473e635488:api-server/app/core/work-employee/src/Action/Dashboard/SyncEmployee.php#L36,ACCESS_TOKEN,server-current-enterprise@git:3dcd216c188df34f2c3ed489b8e8b9473e635488:api-server/app/core/work-employee/src/Action/Dashboard/SyncEmployee.php#L36,internal/server/server.go
dashboard,PUT,/workFission/update,web/legacy/dashboard/src/api/workFission.js,data:fission;poster;push;welcome,blocked[indirect-response-shape]@git:3dcd216c188df34f2c3ed489b8e8b9473e635488:api-server/plugin/mochat/work-fission/src/Action/Dashboard/Update.php#L47,ACCESS_TOKEN,server-current-enterprise@git:3dcd216c188df34f2c3ed489b8e8b9473e635488:api-server/plugin/mochat/work-fission/src/Action/Dashboard/Update.php#L47,internal/server/server.go
dashboard,PUT,/workMessageConfig/stepUpdate,web/legacy/dashboard/src/api/workMessage.js,data:blocked[no-callsite],blocked[no-static-response-fields]@internal/server/server.go,ACCESS_TOKEN,blocked[no-static-corp-scope]@internal/server/server.go,internal/server/server.go
dashboard,PUT,/workRoom/batchUpdate,web/legacy/dashboard/src/api/workRoom.js,data:workRoomGroupId;workRoomIds,fields:none,ACCESS_TOKEN,server-current-enterprise@git:3dcd216c188df34f2c3ed489b8e8b9473e635488:api-server/app/core/work-room/src/Action/Dashboard/BatchUpdate.php#L57,internal/server/server.go
dashboard,PUT,/workRoom/syn,web/legacy/dashboard/src/api/workRoom.js,data:corpId,fields:none,ACCESS_TOKEN,server-current-enterprise@git:3dcd216c188df34f2c3ed489b8e8b9473e635488:api-server/app/core/work-room/src/Action/Dashboard/Sync.php#L36,internal/server/server.go
dashboard,PUT,/workRoomAutoPull/move,web/legacy/dashboard/src/api/workRoom.js,data:blocked[no-callsite],blocked[no-static-response-fields]@internal/server/server.go,ACCESS_TOKEN,blocked[no-static-corp-scope]@internal/server/server.go,internal/server/server.go
dashboard,PUT,/workRoomAutoPull/update,web/legacy/dashboard/src/api/workRoom.js,data:workRoomAutoPullId;blocked[cyclic-reference],blocked[indirect-response-shape]@git:3dcd216c188df34f2c3ed489b8e8b9473e635488:api-server/plugin/mochat/room-auto-pull/src/Action/Dashboard/Update.php#L41,ACCESS_TOKEN,blocked[no-static-corp-scope]@git:3dcd216c188df34f2c3ed489b8e8b9473e635488:api-server/plugin/mochat/room-auto-pull/src/Action/Dashboard/Update.php#L41,internal/server/server.go
dashboard,PUT,/workRoomGroup/update,web/legacy/dashboard/src/api/workRoom.js,data:workRoomGroupId;workRoomGroupName,fields:none,ACCESS_TOKEN,blocked[no-static-corp-scope]@git:3dcd216c188df34f2c3ed489b8e8b9473e635488:api-server/app/core/work-room/src/Action/Dashboard/Group/Update.php#L52,internal/server/server.go
dashboard,PUT,menu/statusUpdate,web/legacy/dashboard/src/api/menu.js,data:menuId;status,blocked[indirect-response-shape]@git:3dcd216c188df34f2c3ed489b8e8b9473e635488:api-server/app/core/rbac/src/Action/Dashboard/Menu/StatusUpdate.php#L55,ACCESS_TOKEN,blocked[no-static-corp-scope]@git:3dcd216c188df34f2c3ed489b8e8b9473e635488:api-server/app/core/rbac/src/Action/Dashboard/Menu/StatusUpdate.php#L55,internal/server/server.go
dashboard,PUT,menu/update,web/legacy/dashboard/src/api/menu.js,data:dataPermission;icon;isPageMenu;level;linkType;linkUrl;menuId;name;blocked[dynamic-expression],blocked[indirect-response-shape]@git:3dcd216c188df34f2c3ed489b8e8b9473e635488:api-server/app/core/rbac/src/Action/Dashboard/Menu/Update.php#L45,ACCESS_TOKEN,blocked[no-static-corp-scope]@git:3dcd216c188df34f2c3ed489b8e8b9473e635488:api-server/app/core/rbac/src/Action/Dashboard/Menu/Update.php#L45,internal/server/server.go
operation,GET,/officialAccount/openUserInfo,web/legacy/operation/src/api/user.js,params:blocked[no-callsite],blocked[no-static-response-fields]@web/legacy/operation/src/api/user.js,no-auth-header,public-unscoped@web/legacy/operation/src/api/user.js,-
operation,GET,/openUserInfo/lottery,web/legacy/operation/src/api/lottery.js,params:id,fields:openid,no-auth-header,public-unscoped@web/legacy/operation/src/api/lottery.js,internal/server/server.go
operation,GET,/openUserInfo/roomClockIn,web/legacy/operation/src/api/roomClockIn.js,params:id,fields:openid,no-auth-header,public-unscoped@web/legacy/operation/src/api/roomClockIn.js,internal/server/server.go
operation,GET,/openUserInfo/roomFission,web/legacy/operation/src/api/roomFission.js,params:id,fields:openid,no-auth-header,public-unscoped@web/legacy/operation/src/api/roomFission.js,internal/server/server.go
operation,GET,/openUserInfo/shopCode,web/legacy/operation/src/api/shopCode.js,params:id,fields:openid,no-auth-header,public-unscoped@web/legacy/operation/src/api/shopCode.js,internal/server/server.go
operation,GET,/openUserInfo/workFission,web/legacy/operation/src/api/workFission.js,params:id,fields:openid,no-auth-header,public-unscoped@git:3dcd216c188df34f2c3ed489b8e8b9473e635488:api-server/plugin/mochat/work-fission/src/Action/Operation/OpenUserInfo.php#L44,internal/server/server.go
operation,GET,/roomClockIn/clockInRanking,web/legacy/operation/src/api/roomClockIn.js,params:id;union_id,blocked[no-static-response-fields]@internal/server/server.go,no-auth-header,public-unscoped@web/legacy/operation/src/api/roomClockIn.js,internal/server/server.go
operation,GET,/roomClockIn/contactData,web/legacy/operation/src/api/roomClockIn.js,params:avatar;city;id;nickname;openid;union_id,blocked[no-static-response-fields]@internal/server/server.go,no-auth-header,public-unscoped@web/legacy/operation/src/api/roomClockIn.js,internal/server/server.go
operation,GET,/roomFission/inviteFriends,web/legacy/operation/src/api/roomFission.js,params:fission_id;union_id,blocked[no-static-response-fields]@internal/server/server.go,no-auth-header,public-unscoped@web/legacy/operation/src/api/roomFission.js,internal/server/server.go
operation,GET,/roomFission/poster,web/legacy/operation/src/api/roomFission.js,params:avatar;fission_id;nickname;parentUnionId;union_id;wxUserId,fields:poster;room;type,no-auth-header,public-unscoped@web/legacy/operation/src/api/roomFission.js,internal/server/server.go
operation,GET,/roomFission/receive,web/legacy/operation/src/api/roomFission.js,params:fission_id;union_id,fields:qrCode,no-auth-header,public-unscoped@web/legacy/operation/src/api/roomFission.js,internal/server/server.go
operation,GET,/roomInfinitePull/qrCode,web/legacy/operation/src/api/roomInfinite.js,params:id,blocked[no-static-response-fields]@internal/server/server.go,no-auth-header,public-unscoped@web/legacy/operation/src/api/roomInfinite.js,internal/server/server.go
operation,GET,/shopCode/areaCode,web/legacy/operation/src/api/shopCode.js,params:city;corpId;province;type,fields:page;province;shop_info,no-auth-header,explicit:corpId@web/legacy/operation/src/api/shopCode.js,internal/server/server.go
operation,GET,/shopCode/weChatSdkConfig,web/legacy/operation/src/api/shopCode.js,params:corpId;url,blocked[no-static-response-fields]@internal/server/server.go,no-auth-header,explicit:corpId@web/legacy/operation/src/api/shopCode.js,internal/server/server.go
operation,GET,/workFission/inviteFriends,web/legacy/operation/src/api/workFission.js,params:fission_id;union_id,blocked[indirect-response-shape]@git:3dcd216c188df34f2c3ed489b8e8b9473e635488:api-server/plugin/mochat/work-fission/src/Action/Operation/InviteFriends.php#L73,no-auth-header,public-unscoped@git:3dcd216c188df34f2c3ed489b8e8b9473e635488:api-server/plugin/mochat/work-fission/src/Action/Operation/InviteFriends.php#L73,internal/server/server.go
operation,GET,/workFission/poster,web/legacy/operation/src/api/workFission.js,params:avatar;fission_id;nickname;union_id,fields:posterType,no-auth-header,public-unscoped@git:3dcd216c188df34f2c3ed489b8e8b9473e635488:api-server/plugin/mochat/work-fission/src/Action/Operation/Poster.php#L117,internal/server/server.go
operation,GET,/workFission/receive,web/legacy/operation/src/api/workFission.js,params:fission_id;level;union_id,blocked[no-static-response-fields]@internal/server/server.go,no-auth-header,public-unscoped@web/legacy/operation/src/api/workFission.js,internal/server/server.go
operation,GET,/workFission/taskData,web/legacy/operation/src/api/workFission.js,params:fission_id;union_id,blocked[indirect-response-shape]@git:3dcd216c188df34f2c3ed489b8e8b9473e635488:api-server/plugin/mochat/work-fission/src/Action/Operation/TaskData.php#L81,no-auth-header,public-unscoped@git:3dcd216c188df34f2c3ed489b8e8b9473e635488:api-server/plugin/mochat/work-fission/src/Action/Operation/TaskData.php#L81,internal/server/server.go
operation,POST,/lottery/contactData,web/legacy/operation/src/api/lottery.js,params:avatar;city;id;nickname;openid;source;union_id,fields:corp;lottery,no-auth-header,public-unscoped@web/legacy/operation/src/api/lottery.js,internal/server/server.go
operation,PUT,/lottery/contactLottery,web/legacy/operation/src/api/lottery.js,data:id;nickname;union_id,fields:prize_name;receive_code;receive_qr,no-auth-header,public-unscoped@web/legacy/operation/src/api/lottery.js,internal/server/server.go
operation,PUT,/lottery/receive,web/legacy/operation/src/api/lottery.js,data:id,blocked[no-static-response-fields]@internal/server/server.go,no-auth-header,public-unscoped@web/legacy/operation/src/api/lottery.js,internal/server/server.go
operation,PUT,/roomClockIn/contactClockIn,web/legacy/operation/src/api/roomClockIn.js,data:id;openid;union_id,blocked[no-static-response-fields]@internal/server/server.go,no-auth-header,public-unscoped@web/legacy/operation/src/api/roomClockIn.js,internal/server/server.go
operation,PUT,/roomClockIn/receive,web/legacy/operation/src/api/roomClockIn.js,data:id;level;union_id,blocked[no-static-response-fields]@internal/server/server.go,no-auth-header,public-unscoped@web/legacy/operation/src/api/roomClockIn.js,internal/server/server.go
sidebar,GET,/agent/jssdkConfig,web/legacy/sidebar/src/api/wxconfig.js,params:agentId;uriPath,blocked[indirect-response-shape]@git:3dcd216c188df34f2c3ed489b8e8b9473e635488:api-server/app/core/work-agent/src/Action/Sidebar/JssdkConfig.php#L80,Bearer cookie token,server-current-enterprise@git:3dcd216c188df34f2c3ed489b8e8b9473e635488:api-server/app/core/work-agent/src/Action/Sidebar/JssdkConfig.php#L80,internal/server/server.go
sidebar,GET,/agent/oauth,web/legacy/sidebar/src/api/wxconfig.js,params:act;agentId;isJsRedirect,blocked[indirect-response-shape]@git:3dcd216c188df34f2c3ed489b8e8b9473e635488:api-server/app/core/work-agent/src/Action/Sidebar/OAuth.php#L72,Bearer cookie token,public-unscoped@git:3dcd216c188df34f2c3ed489b8e8b9473e635488:api-server/app/core/work-agent/src/Action/Sidebar/OAuth.php#L72,internal/server/server.go
sidebar,GET,/contactBatchAdd/detail,web/legacy/sidebar/src/api/contactBatchAdd.js,params:batchId;status,fields:employeeName;list,Bearer cookie token,blocked[no-static-corp-scope]@internal/server/server.go,internal/server/server.go
sidebar,GET,/contactFieldPivot/index,web/legacy/sidebar/src/api/contact.js,params:contactId,blocked[indirect-response-shape]@git:3dcd216c188df34f2c3ed489b8e8b9473e635488:api-server/app/core/work-contact/src/Action/Sidebar/FieldPivot/Index.php#L52,Bearer cookie token,blocked[no-static-corp-scope]@git:3dcd216c188df34f2c3ed489b8e8b9473e635488:api-server/app/core/work-contact/src/Action/Sidebar/FieldPivot/Index.php#L52,internal/server/server.go
sidebar,GET,/contactSop/getSopInfo,web/legacy/sidebar/src/api/contactSop.js,params:id,blocked[no-static-response-fields]@internal/server/server.go,Bearer cookie token,blocked[no-static-corp-scope]@internal/server/server.go,internal/server/server.go
sidebar,GET,/contactSop/getSopTipInfo,web/legacy/sidebar/src/api/contactSop.js,params:contactId,blocked[no-static-response-fields]@internal/server/server.go,Bearer cookie token,blocked[no-static-corp-scope]@internal/server/server.go,internal/server/server.go
sidebar,GET,/medium/index,web/legacy/sidebar/src/api/medium.js,params:mediumGroupId;page;perPage;searchStr;type,fields:list;page,Bearer cookie token,server-current-enterprise@git:3dcd216c188df34f2c3ed489b8e8b9473e635488:api-server/app/core/medium/src/Action/Sidebar/Index.php#L39,internal/server/server.go
sidebar,GET,/medium/mediaIdUpdate,web/legacy/sidebar/src/api/medium.js,params:mediumId,fields:mediaId,Bearer cookie token,server-current-enterprise@git:3dcd216c188df34f2c3ed489b8e8b9473e635488:api-server/app/core/medium/src/Action/Sidebar/MediaIdUpdate.php#L64,internal/server/server.go
sidebar,GET,/mediumGroup/index,web/legacy/sidebar/src/api/medium.js,params:none,blocked[indirect-response-shape]@git:3dcd216c188df34f2c3ed489b8e8b9473e635488:api-server/app/core/medium/src/Action/Sidebar/Group/Index.php#L31,Bearer cookie token,server-current-enterprise@git:3dcd216c188df34f2c3ed489b8e8b9473e635488:api-server/app/core/medium/src/Action/Sidebar/Group/Index.php#L31,internal/server/server.go
sidebar,GET,/roomCalendar/index,web/legacy/sidebar/src/api/roomCalendar.js,params:none,blocked[no-static-response-fields]@web/legacy/sidebar/src/api/roomCalendar.js,Bearer cookie token,blocked[no-static-corp-scope]@web/legacy/sidebar/src/api/roomCalendar.js,-
sidebar,GET,/roomCalendar/setRoom,web/legacy/sidebar/src/api/roomCalendar.js,params:id;roomId,blocked[no-static-response-fields]@web/legacy/sidebar/src/api/roomCalendar.js,Bearer cookie token,blocked[no-static-corp-scope]@web/legacy/sidebar/src/api/roomCalendar.js,-
sidebar,GET,/roomQuality/deleteRoom,web/legacy/sidebar/src/api/roomQuality.js,params:id;roomId,blocked[no-static-response-fields]@web/legacy/sidebar/src/api/roomQuality.js,Bearer cookie token,blocked[no-static-corp-scope]@web/legacy/sidebar/src/api/roomQuality.js,-
sidebar,GET,/roomQuality/index,web/legacy/sidebar/src/api/roomQuality.js,params:roomId,fields:list;roomQuality,Bearer cookie token,blocked[no-static-corp-scope]@web/legacy/sidebar/src/api/roomQuality.js,-
sidebar,GET,/roomQuality/setRoom,web/legacy/sidebar/src/api/roomQuality.js,params:id;roomId,blocked[no-static-response-fields]@web/legacy/sidebar/src/api/roomQuality.js,Bearer cookie token,blocked[no-static-corp-scope]@web/legacy/sidebar/src/api/roomQuality.js,-
sidebar,GET,/roomSop/getSopInfo,web/legacy/sidebar/src/api/roomSop.js,params:id,blocked[no-static-response-fields]@internal/server/server.go,Bearer cookie token,blocked[no-static-corp-scope]@internal/server/server.go,internal/server/server.go
sidebar,GET,/roomSop/tipSopAddRoom,web/legacy/sidebar/src/api/roomSop.js,params:id;roomId,blocked[no-static-response-fields]@web/legacy/sidebar/src/api/roomSop.js,Bearer cookie token,blocked[no-static-corp-scope]@web/legacy/sidebar/src/api/roomSop.js,-
sidebar,GET,/roomSop/tipSopDelRoom,web/legacy/sidebar/src/api/roomSop.js,params:id;roomId,blocked[no-static-response-fields]@web/legacy/sidebar/src/api/roomSop.js,Bearer cookie token,blocked[no-static-corp-scope]@web/legacy/sidebar/src/api/roomSop.js,-
sidebar,GET,/roomSop/tipSopList,web/legacy/sidebar/src/api/roomSop.js,params:none,blocked[no-static-response-fields]@web/legacy/sidebar/src/api/roomSop.js,Bearer cookie token,blocked[no-static-corp-scope]@web/legacy/sidebar/src/api/roomSop.js,-
sidebar,GET,/workContact/detail,web/legacy/sidebar/src/api/contact.js,params:wxExternalUserid,fields:avatar;corpId;id;name,Bearer cookie token,blocked[no-static-corp-scope]@git:3dcd216c188df34f2c3ed489b8e8b9473e635488:api-server/app/core/work-contact/src/Action/Sidebar/Detail.php#L33,internal/server/server.go
sidebar,GET,/workContact/show,web/legacy/sidebar/src/api/contact.js,params:contactId,fields:roomName;tag,Bearer cookie token,blocked[no-static-corp-scope]@git:3dcd216c188df34f2c3ed489b8e8b9473e635488:api-server/app/core/work-contact/src/Action/Sidebar/Show.php#L43,internal/server/server.go
sidebar,GET,/workContact/track,web/legacy/sidebar/src/api/contact.js,params:contactId,blocked[indirect-response-shape]@git:3dcd216c188df34f2c3ed489b8e8b9473e635488:api-server/app/core/work-contact/src/Action/Sidebar/Track.php#L44,Bearer cookie token,blocked[no-static-corp-scope]@git:3dcd216c188df34f2c3ed489b8e8b9473e635488:api-server/app/core/work-contact/src/Action/Sidebar/Track.php#L44,internal/server/server.go
sidebar,GET,/workContactTag/allTag,web/legacy/sidebar/src/api/contact.js,params:groupId,blocked[indirect-response-shape]@git:3dcd216c188df34f2c3ed489b8e8b9473e635488:api-server/app/core/work-contact/src/Action/Sidebar/Tag/AllTag.php#L40,Bearer cookie token,server-current-enterprise@git:3dcd216c188df34f2c3ed489b8e8b9473e635488:api-server/app/core/work-contact/src/Action/Sidebar/Tag/AllTag.php#L40,internal/server/server.go
sidebar,GET,/workContactTagGroup/index,web/legacy/sidebar/src/api/contact.js,params:none,blocked[indirect-response-shape]@git:3dcd216c188df34f2c3ed489b8e8b9473e635488:api-server/app/core/work-contact/src/Action/Sidebar/TagGroup/Index.php#L40,Bearer cookie token,server-current-enterprise@git:3dcd216c188df34f2c3ed489b8e8b9473e635488:api-server/app/core/work-contact/src/Action/Sidebar/TagGroup/Index.php#L40,internal/server/server.go
sidebar,GET,/workRoom/roomManage,web/legacy/sidebar/src/api/room.js,params:blocked[no-callsite],fields:none,Bearer cookie token,server-current-enterprise@git:3dcd216c188df34f2c3ed489b8e8b9473e635488:api-server/app/core/work-room/src/Action/Sidebar/RoomManage.php#L63,internal/server/server.go
sidebar,GET,/wxJsSdk/config,web/legacy/sidebar/src/api/wxconfig.js,params:blocked[no-callsite],blocked[indirect-response-shape]@git:3dcd216c188df34f2c3ed489b8e8b9473e635488:api-server/app/core/common/src/Action/Sidebar/WxJSSDK/Config.php#L73,Bearer cookie token,public-unscoped@git:3dcd216c188df34f2c3ed489b8e8b9473e635488:api-server/app/core/common/src/Action/Sidebar/WxJSSDK/Config.php#L73,internal/server/server.go
sidebar,POST,/common/upload,web/legacy/sidebar/src/api/contact.js,data:file,fields:fullPath;name;path;type,Bearer cookie token,blocked[no-static-corp-scope]@git:3dcd216c188df34f2c3ed489b8e8b9473e635488:api-server/app/core/common/src/Action/Sidebar/Upload.php#L33,internal/server/server.go
sidebar,PUT,/contactFieldPivot/update,web/legacy/sidebar/src/api/contact.js,data:contactId;userPortrait,blocked[indirect-response-shape]@git:3dcd216c188df34f2c3ed489b8e8b9473e635488:api-server/app/core/work-contact/src/Action/Sidebar/FieldPivot/Update.php#L43,Bearer cookie token,blocked[no-static-corp-scope]@git:3dcd216c188df34f2c3ed489b8e8b9473e635488:api-server/app/core/work-contact/src/Action/Sidebar/FieldPivot/Update.php#L43,internal/server/server.go
sidebar,PUT,/roomSop/logState,web/legacy/sidebar/src/api/roomSop.js,data:id,blocked[no-static-response-fields]@internal/server/server.go,Bearer cookie token,blocked[no-static-corp-scope]@internal/server/server.go,internal/server/server.go
sidebar,PUT,/roomSop/setRoom,web/legacy/sidebar/src/api/roomSop.js,data:blocked[no-callsite],blocked[no-static-response-fields]@web/legacy/sidebar/src/api/roomSop.js,Bearer cookie token,blocked[no-static-corp-scope]@web/legacy/sidebar/src/api/roomSop.js,-
sidebar,PUT,/workContact/update,web/legacy/sidebar/src/api/contact.js,data:contactId;remark;tag,blocked[indirect-response-shape]@git:3dcd216c188df34f2c3ed489b8e8b9473e635488:api-server/app/core/work-contact/src/Action/Sidebar/Update.php#L43,Bearer cookie token,blocked[no-static-corp-scope]@git:3dcd216c188df34f2c3ed489b8e8b9473e635488:api-server/app/core/work-contact/src/Action/Sidebar/Update.php#L43,internal/server/server.go
